system,coin,direction,entry_ts,entry_price,exit_price,exit_ts,exit_type,sl_pct,tp_pct,pnl_pct,pnl_dollar,bars_held,regime,date
1H,NEAR,LONG,1775779200,1.368,1.361,1775786400,TIME,0.01240601503759397,0.02481203007518794,-0.005116959064327571,-1.0233918128655142,3,BULL,2026-04-10
1H,SUI,LONG,1775779200,0.9293,0.931,1775786400,TIME,0.010330356182072538,0.020660712364145076,0.0018293339072420476,0.3658667814484095,3,BULL,2026-04-10
1H,PENDLE,LONG,1775779200,1.063,1.068,1775786400,TIME,0.011073780405859462,0.022147560811718925,0.004703668861712244,0.9407337723424489,3,BULL,2026-04-10
1H,AVAX,LONG,1775779200,9.325,9.33,1775786400,TIME,0.011275373420145517,0.022550746840291035,0.0005361930294907005,0.10723860589814009,3,BULL,2026-04-10
1H,APT,LONG,1775779200,0.846,0.841,1775786400,TIME,0.010199257007767656,0.020398514015535312,-0.005910165484633575,-1.182033096926715,3,BULL,2026-04-10
1H,BTC,LONG,1775779200,71931.89749999999,71965.36,1775786400,TIME,0.00710700006210734,0.01421400012421468,0.00046519695938799247,0.09303939187759849,3,BULL,2026-04-10
1H,LINK,LONG,1775779200,8.934999999999999,8.94,1775786400,TIME,0.009017507394675836,0.018035014789351673,0.000559597090095219,0.11191941801904381,3,BULL,2026-04-10
1H,FIL,LONG,1775779200,0.905,0.8968285714285714,1775782800,SL,0.009029202841357544,0.01805840568271509,-0.009029202841357577,-1.8058405682715155,2,BULL,2026-04-10
4H,TON,LONG,1775779200,1.2524531249999997,1.2964245535714283,1775804400,TP,0.023405495286927983,0.03510824293039198,0.035108242930391956,7.021648586078391,8,BULL,2026-04-10
4H,SUI,LONG,1775779200,0.9293,0.9472999999999999,1775800800,TP,0.007747767136554402,0.019369417841386006,0.019369417841385888,3.8738835682771775,7,BULL,2026-04-10
4H,NEAR,LONG,1775779200,1.356,1.356,1775804400,TIME,0.01877370417193424,0.033792667509481636,0.0,0.0,8,BULL,2026-04-10
4H,LDO,LONG,1775779200,0.318875,0.3186,1775804400,TIME,0.011961695693565536,0.017942543540348306,-0.0008624068992552731,-0.17248137985105463,8,BULL,2026-04-10
4H,SOL,LONG,1775779200,82.86,82.95,1775804400,TIME,0.009565187407330776,0.019130374814661552,0.0010861694424330608,0.21723388848661215,8,BULL,2026-04-10
1H,TON,LONG,1775790000,1.2524531249999997,1.258,1775797200,TIME,0.015329915041730603,0.030659830083461206,0.004428808463390824,0.8857616926781648,3,BULL,2026-04-10
1H,SUI,LONG,1775790000,0.9293,0.9375,1775797200,TIME,0.010951407357304278,0.021902814714608556,0.008823845905520268,1.7647691811040538,3,BULL,2026-04-10
1H,AVAX,LONG,1775790000,9.325,9.37,1775797200,TIME,0.011888165453849086,0.023776330907698172,0.004825737265415542,0.9651474530831085,3,BULL,2026-04-10
1H,LDO,LONG,1775790000,0.318875,0.3216,1775797200,TIME,0.009927759422075357,0.019855518844150714,0.008545668365346851,1.7091336730693703,3,BULL,2026-04-10
1H,NEAR,LONG,1775790000,1.3541250000000002,1.366,1775797200,TIME,0.012448734686341976,0.02489746937268395,0.008769500600018356,1.7539001200036712,3,BULL,2026-04-10
1H,FIL,LONG,1775790000,0.9005000000000001,0.911,1775797200,TIME,0.009708891885460466,0.019417783770920932,0.011660188784008832,2.3320377568017663,3,BULL,2026-04-10
1H,PENDLE,LONG,1775790000,1.063,1.072,1775797200,TIME,0.011073780405859462,0.022147560811718925,0.008466603951081956,1.6933207902163911,3,BULL,2026-04-10
1H,LINK,LONG,1775790000,8.89875,8.97,1775797200,TIME,0.009375313547247813,0.018750627094495625,0.00800674252001696,1.6013485040033921,3,BULL,2026-04-10
4H,AVAX,SHORT,1775793600,9.28375,9.37975,1775793600,SL,0.010340648983438795,0.025851622458596988,-0.010340648983438814,-2.0681297966877628,1,NEUTRAL,2026-04-10
4H,ALGO,LONG,1775793600,0.11055000000000001,0.10911000000000001,1775815200,SL,0.013025780189959296,0.023446404341926734,-0.013025780189959264,-2.605156037991853,7,NEUTRAL,2026-04-10
4H,LINK,LONG,1775793600,8.89875,8.99,1775818800,TIME,0.005658900728432967,0.014147251821082419,0.010254249192302346,2.050849838460469,8,NEUTRAL,2026-04-10
1H,PENDLE,LONG,1775800800,1.0594999999999999,1.055,1775808000,TIME,0.011110362030607465,0.02222072406121493,-0.004247286455875365,-0.849457291175073,3,NEUTRAL,2026-04-10
1H,AVAX,LONG,1775800800,9.28375,9.27,1775808000,TIME,0.010525303429571647,0.021050606859143294,-0.001481082536690446,-0.29621650733808924,3,NEUTRAL,2026-04-10
1H,ALGO,SHORT,1775800800,0.110625,0.1099,1775808000,TIME,0.011054075867635184,0.02210815173527037,0.006553672316384211,1.3107344632768423,3,NEUTRAL,2026-04-10
1H,SUI,LONG,1775800800,0.9284,0.948777142857143,1775800800,TP,0.010974333723148896,0.021948667446297792,0.021948667446297913,4.389733489259583,1,NEUTRAL,2026-04-10
1H,APT,SHORT,1775800800,0.84065625,0.834,1775808000,TIME,0.00978827128040913,0.01957654256081826,0.00791792126686744,1.5835842533734878,3,NEUTRAL,2026-04-10
1H,LTC,LONG,1775800800,54.4615625,54.42,1775808000,TIME,0.004280869781193991,0.008561739562387982,-0.0007631529117439061,-0.1526305823487812,3,NEUTRAL,2026-04-10
1H,ADA,SHORT,1775800800,0.25196875,0.2502,1775808000,TIME,0.007733385305008762,0.015466770610017524,0.007019719707305136,1.4039439414610273,3,NEUTRAL,2026-04-10
1H,BNB,SHORT,1775800800,603.6748983764649,598.7423269478934,1775808000,TP,0.004085453479875658,0.008170906959751315,0.008170906959751381,1.6341813919502761,3,NEUTRAL,2026-04-10
4H,CRV,LONG,1775808000,0.221175,0.22393157142857142,1775833200,TP,0.010386087293513537,0.012463304752216244,0.01246330475221618,2.492660950443236,8,BULL,2026-04-10
4H,FIL,LONG,1775808000,0.9005000000000001,0.9096928571428572,1775811600,TP,0.010208614261917989,0.010208614261917989,0.010208614261917949,2.0417228523835895,2,BULL,2026-04-10
4H,BCH,LONG,1775808000,442.42499999999995,439.6392857142856,1775808000,SL,0.006296466713486549,0.006296466713486549,-0.006296466713486658,-1.2592933426973316,1,BULL,2026-04-10
4H,PENDLE,LONG,1775808000,1.0547499999999999,1.0826071428571429,1775833200,TP,0.01056445332340097,0.02641113330850243,0.026411133308502515,5.282226661700503,8,BULL,2026-04-10
4H,XLM,LONG,1775808000,0.15365,0.15554428571428572,1775808000,TP,0.012328576077355805,0.012328576077355805,0.012328576077355739,2.465715215471148,1,BULL,2026-04-10
1H,SUI,LONG,1775811600,0.9372499999999999,0.9349,1775818800,TIME,0.01076096482871623,0.02152192965743246,-0.0025073352894104703,-0.501467057882094,3,BULL,2026-04-10
1H,FIL,LONG,1775811600,0.905,0.9,1775818800,TIME,0.00883977900552487,0.01767955801104974,-0.005524861878453044,-1.1049723756906087,3,BULL,2026-04-10
1H,NEAR,LONG,1775811600,1.3777499999999998,1.363635714285714,1775811600,SL,0.010244446172589863,0.020488892345179727,-0.01024444617258991,-2.048889234517982,1,BULL,2026-04-10
1H,AVAX,LONG,1775811600,9.325,9.3,1775818800,TIME,0.00968211413251629,0.01936422826503258,-0.002680965147452931,-0.5361930294905862,3,BULL,2026-04-10
1H,PENDLE,LONG,1775811600,1.0594999999999999,1.056,1775818800,TIME,0.009869884716510523,0.019739769433021047,-0.0033034450212362783,-0.6606890042472556,3,BULL,2026-04-10
1H,CRV,LONG,1775811600,0.221175,0.2213,1775818800,TIME,0.010489431445687803,0.020978862891375606,0.0005651633322029444,0.11303266644058889,3,BULL,2026-04-10
1H,SOL,LONG,1775811600,83.6,83.05714285714285,1775811600,SL,0.006493506493506485,0.01298701298701297,-0.006493506493506513,-1.2987012987013027,1,BULL,2026-04-10
1H,LINK,LONG,1775811600,8.99,8.925428571428572,1775811600,SL,0.007182583823295708,0.014365167646591416,-0.007182583823295668,-1.4365167646591337,1,BULL,2026-04-10
1H,SUI,LONG,1775822400,0.9372499999999999,0.9479,1775829600,TIME,0.009084327249171216,0.018168654498342433,0.011363030141371085,2.272606028274217,3,BULL,2026-04-10
1H,LDO,LONG,1775822400,0.32605,0.3235071428571429,1775822400,SL,0.007798979122395773,0.015597958244791547,-0.00779897912239572,-1.5597958244791439,1,BULL,2026-04-10
1H,FIL,LONG,1775822400,0.9005000000000001,0.912,1775829600,TIME,0.00818592845244706,0.01637185690489412,0.01277068295391444,2.554136590782888,3,BULL,2026-04-10
1H,SOL,LONG,1775822400,84.18,83.7,1775822400,SL,0.005702066999287236,0.011404133998574472,-0.005702066999287289,-1.1404133998574577,1,BULL,2026-04-10
1H,AVAX,LONG,1775822400,9.36,9.44,1775829600,TIME,0.007692307692307713,0.015384615384615425,0.008547008547008555,1.7094017094017109,3,BULL,2026-04-10
1H,UNI,LONG,1775822400,3.1414999999999997,3.183,1775829600,TIME,0.007494145199063224,0.014988290398126448,0.013210249880630303,2.6420499761260605,3,BULL,2026-04-10
1H,ADA,LONG,1775822400,0.252059375,0.2553165178571429,1775829600,TP,0.00646106271021037,0.01292212542042074,0.012922125420420896,2.584425084084179,3,BULL,2026-04-10
1H,NEAR,LONG,1775822400,1.368,1.3552000000000002,1775822400,SL,0.009356725146198803,0.018713450292397606,-0.009356725146198773,-1.8713450292397547,1,BULL,2026-04-10
4H,ALGO,LONG,1775822400,0.1122,0.11106857142857143,1775822400,SL,0.010084033613445374,0.018151260504201672,-0.010084033613445285,-2.016806722689057,1,BULL,2026-04-10
4H,NEAR,LONG,1775822400,1.3777499999999998,1.35855,1775822400,SL,0.013935764833968387,0.025084376701143097,-0.013935764833968344,-2.787152966793669,1,BULL,2026-04-10
4H,TON,LONG,1775822400,1.277,1.291,1775847600,TIME,0.012484617966215441,0.01872692694932316,0.01096319498825373,2.192638997650746,8,BULL,2026-04-10
1H,CRV,LONG,1775833200,0.2213,0.2228,1775840400,TIME,0.009192434316700016,0.018384868633400032,0.006778129236330779,1.3556258472661558,3,BULL,2026-04-10
1H,NEAR,LONG,1775833200,1.3777499999999998,1.3645499999999997,1775840400,SL,0.009580838323353272,0.019161676646706545,-0.009580838323353368,-1.9161676646706736,3,BULL,2026-04-10
1H,TON,LONG,1775833200,1.277,1.282,1775840400,TIME,0.007607114889808691,0.015214229779617382,0.003915426781519276,0.7830853563038552,3,BULL,2026-04-10
1H,FIL,LONG,1775833200,0.912,0.91,1775840400,TIME,0.00802005012531329,0.01604010025062658,-0.002192982456140353,-0.4385964912280706,3,BULL,2026-04-10
1H,PENDLE,LONG,1775833200,1.072,1.074,1775840400,TIME,0.008688699360341176,0.017377398720682353,0.0018656716417910463,0.37313432835820926,3,BULL,2026-04-10
1H,LINK,LONG,1775833200,9.04,9.166857142857143,1775833200,TP,0.007016434892541096,0.014032869785082192,0.014032869785082315,2.806573957016463,1,BULL,2026-04-10
1H,SOL,LONG,1775833200,84.18,85.25314285714288,1775833200,TP,0.006374096324203229,0.012748192648406457,0.01274819264840662,2.549638529681324,1,BULL,2026-04-10
1H,AVAX,LONG,1775833200,9.407499999999999,9.4,1775840400,TIME,0.007228275312250882,0.014456550624501765,-0.0007972362476745691,-0.15944724953491382,3,BULL,2026-04-10
4H,FIL,LONG,1775836800,0.9167500000000001,0.9085857142857143,1775840400,SL,0.008905683898866344,0.008905683898866344,-0.008905683898866359,-1.7811367797732718,2,BULL,2026-04-10
4H,BTC,LONG,1775836800,73217.48000000001,72764.4292857143,1775836800,SL,0.0061877397895381625,0.009281609684307244,-0.006187739789538092,-1.2375479579076185,1,BULL,2026-04-10
4H,XRP,LONG,1775836800,1.3637,1.35869,1775836800,SL,0.0036738285546674635,0.009184571386668658,-0.003673828554667419,-0.7347657109334838,1,BULL,2026-04-10
4H,SUI,LONG,1775836800,0.9599,0.95357,1775836800,SL,0.0065944369205125615,0.016486092301281403,-0.006594436920512498,-1.3188873841024997,1,BULL,2026-04-10
4H,XLM,LONG,1775836800,0.1567390625,0.15500763392857142,1775836800,SL,0.011046567102113287,0.011046567102113287,-0.011046567102113287,-2.2093134204226574,1,BULL,2026-04-10
1H,PENDLE,LONG,1775844000,1.088,1.0784,1775844000,SL,0.008823529411764737,0.017647058823529474,-0.008823529411764754,-1.764705882352951,1,BULL,2026-04-10
1H,NEAR,LONG,1775844000,1.3777499999999998,1.364492857142857,1775844000,SL,0.009622313813930554,0.019244627627861107,-0.009622313813930581,-1.9244627627861162,1,BULL,2026-04-10
1H,APT,LONG,1775844000,0.871,0.8629428571428571,1775844000,SL,0.009250451041495827,0.018500902082991655,-0.009250451041495836,-1.8500902082991673,1,BULL,2026-04-10
1H,AVAX,LONG,1775844000,9.52,9.450285714285714,1775844000,SL,0.0073229291716686825,0.014645858343337365,-0.007322929171668634,-1.4645858343337268,1,BULL,2026-04-10
1H,SUI,LONG,1775844000,0.9606,0.9519542857142856,1775844000,SL,0.009000327176467102,0.018000654352934204,-0.009000327176467175,-1.8000654352934349,1,BULL,2026-04-10
1H,HBAR,LONG,1775844000,0.08993,0.08938542857142856,1775844000,SL,0.006055503486838977,0.012111006973677955,-0.006055503486839052,-1.2111006973678105,1,BULL,2026-04-10
1H,CRV,LONG,1775844000,0.22415,0.2231,1775851200,TIME,0.008616678882126149,0.017233357764252298,-0.0046843631496765355,-0.9368726299353071,3,BULL,2026-04-10
1H,FIL,LONG,1775844000,0.912,0.915,1775851200,TIME,0.00739348370927319,0.01478696741854638,0.003289473684210529,0.6578947368421059,3,BULL,2026-04-10
4H,AVAX,LONG,1775851200,9.39,9.5375,1775851200,TP,0.006283280085197025,0.015708200212992563,0.015708200212992445,3.141640042598489,1,BULL,2026-04-10
4H,ADA,LONG,1775851200,0.25429999999999997,0.25815,1775851200,TP,0.00605583955957532,0.0151395988989383,0.015139598898938343,3.0279197797876685,1,BULL,2026-04-10
4H,NEAR,LONG,1775851200,1.36,1.3405428571428573,1775869200,SL,0.014306722689075593,0.025752100840336068,-0.014306722689075617,-2.8613445378151234,6,BULL,2026-04-10
1H,SUI,LONG,1775854800,0.9491,0.9439,1775862000,TIME,0.008079835031684164,0.01615967006336833,-0.005478874723422287,-1.0957749446844574,3,BULL,2026-04-10
1H,PENDLE,LONG,1775854800,1.093,1.0837428571428571,1775862000,SL,0.008469481113579955,0.01693896222715991,-0.00846948111357992,-1.6938962227159842,3,BULL,2026-04-10
1H,TON,LONG,1775854800,1.3,1.307,1775862000,TIME,0.0071648351648351365,0.014329670329670273,0.005384615384615304,1.0769230769230607,3,BULL,2026-04-10
1H,HBAR,LONG,1775854800,0.08993,0.08938771428571428,1775862000,SL,0.006030086892980264,0.012060173785960528,-0.006030086892980289,-1.2060173785960577,3,BULL,2026-04-10
1H,AVAX,LONG,1775854800,9.43,9.39,1775862000,TIME,0.007574609907589761,0.015149219815179521,-0.0042417815482501744,-0.8483563096500348,3,BULL,2026-04-10
1H,FIL,LONG,1775854800,0.9174375000000001,0.911494642857143,1775862000,SL,0.006477669751734748,0.012955339503469497,-0.006477669751734737,-1.2955339503469474,3,BULL,2026-04-10
1H,APT,LONG,1775854800,0.871,0.868,1775862000,TIME,0.009447269148761697,0.018894538297523394,-0.003444316877152701,-0.6888633754305402,3,BULL,2026-04-10
1H,LINK,LONG,1775854800,9.12,9.09,1775862000,TIME,0.006829573934837114,0.013659147869674228,-0.0032894736842104563,-0.6578947368420912,3,BULL,2026-04-10
1H,PENDLE,LONG,1775865600,1.084,1.074857142857143,1775869200,SL,0.008434370057986302,0.016868740115972603,-0.008434370057986272,-1.6868740115972545,2,BULL,2026-04-11
1H,APT,LONG,1775865600,0.863,0.859,1775872800,TIME,0.009534845224300623,0.019069690448601247,-0.0046349942062572464,-0.9269988412514493,3,BULL,2026-04-11
1H,SOL,LONG,1775865600,84.7,84.8,1775872800,TIME,0.0063147242368021585,0.012629448473604317,0.0011806375442738408,0.23612750885476816,3,BULL,2026-04-11
1H,BTC,LONG,1775865600,72775.075,72966.57,1775872800,TIME,0.005123386779647508,0.010246773559295016,0.0026313267282790146,0.526265345655803,3,BULL,2026-04-11
1H,ETH,LONG,1775865600,2242.75,2248.19,1775872800,TIME,0.006635476217016732,0.013270952434033464,0.002425593579311138,0.4851187158622276,3,BULL,2026-04-11
1H,LDO,LONG,1775865600,0.33147499999999996,0.3327,1775872800,TIME,0.009877926583560476,0.019755853167120953,0.0036956029866506727,0.7391205973301346,3,BULL,2026-04-11
1H,TON,LONG,1775865600,1.3235000000000001,1.314757142857143,1775865600,SL,0.006605861082627215,0.01321172216525443,-0.006605861082627248,-1.3211722165254496,1,BULL,2026-04-11
1H,XRP,LONG,1775865600,1.3573,1.3513514285714285,1775869200,SL,0.004382650429950248,0.008765300859900496,-0.004382650429950206,-0.8765300859900411,2,BULL,2026-04-11
4H,POL,LONG,1775865600,0.0846,0.08577257142857142,1775872800,TP,0.011550151975683856,0.013860182370820628,0.013860182370820635,2.772036474164127,3,BULL,2026-04-11
4H,LDO,LONG,1775865600,0.33147499999999996,0.32738214285714284,1775887200,SL,0.012347408229450596,0.018521112344175895,-0.01234740822945055,-2.46948164589011,7,BULL,2026-04-11
4H,SUI,LONG,1775865600,0.9372499999999999,0.93185,1775887200,SL,0.005761536409709267,0.014403841024273167,-0.005761536409709214,-1.1523072819418427,7,BULL,2026-04-11
4H,UNI,LONG,1775865600,3.1514375,3.1312089285714286,1775883600,SL,0.006418839475182812,0.0077026073702193745,-0.006418839475182828,-1.2837678950365656,6,BULL,2026-04-11
4H,APT,LONG,1775865600,0.855,0.853,1775890800,TIME,0.010827067669172944,0.0194887218045113,-0.00233918128654971,-0.46783625730994194,8,BULL,2026-04-11
1H,LDO,LONG,1775876400,0.33147499999999996,0.3289,1775883600,TIME,0.009533147296176176,0.019066294592352352,-0.007768308318877559,-1.5536616637755118,3,BULL,2026-04-11
1H,ETH,LONG,1775876400,2236.62875,2232.79,1775883600,TIME,0.005942106267875564,0.011884212535751127,-0.001716310764582585,-0.34326215291651696,3,BULL,2026-04-11
1H,BTC,LONG,1775876400,72782.575,72722.28,1775883600,TIME,0.0046959356097841425,0.009391871219568285,-0.0008284263094566008,-0.16568526189132016,3,BULL,2026-04-11
1H,TON,LONG,1775876400,1.309,1.305,1775883600,TIME,0.007071919676961691,0.014143839353923382,-0.0030557677616501176,-0.6111535523300236,3,BULL,2026-04-11
1H,BNB,LONG,1775876400,608.06375,605.8763214285714,1775876400,SL,0.003597367169854438,0.007194734339708876,-0.003597367169854566,-0.7194734339709132,1,BULL,2026-04-11
1H,APT,LONG,1775876400,0.855,0.85,1775883600,TIME,0.009156223893066008,0.018312447786132016,-0.005847953216374275,-1.1695906432748548,3,BULL,2026-04-11
1H,SUI,LONG,1775876400,0.93685,0.9332,1775883600,TIME,0.007459648213237381,0.014919296426474762,-0.0038960345839781515,-0.7792069167956303,3,BULL,2026-04-11
1H,NEAR,LONG,1775876400,1.3546328125000002,1.3429756696428574,1775883600,SL,0.008605389408536007,0.017210778817072014,-0.008605389408535983,-1.7210778817071966,3,BULL,2026-04-11
4H,NEAR,LONG,1775880000,1.3398750000000001,1.352,1775905200,TIME,0.0124105393626804,0.02233897085282472,0.009049351618621096,1.809870323724219,8,NEUTRAL,2026-04-11
4H,BTC,SHORT,1775880000,72782.575,72907.05,1775905200,TIME,0.005256350359762809,0.007884525539644213,-0.001710230779826158,-0.3420461559652316,8,NEUTRAL,2026-04-11
4H,LINK,LONG,1775880000,9.0,9.01,1775905200,TIME,0.0035714285714285726,0.008928571428571432,0.0011111111111110875,0.2222222222222175,8,NEUTRAL,2026-04-11
1H,XLM,SHORT,1775887200,0.1537125,0.1533,1775894400,TIME,0.005724973570789633,0.011449947141579266,0.0026835813613077016,0.5367162722615403,3,NEUTRAL,2026-04-11
1H,UNI,SHORT,1775887200,3.1514375,3.142,1775894400,TIME,0.004913857338346153,0.009827714676692306,0.0029946651329750976,0.5989330265950196,3,NEUTRAL,2026-04-11
1H,CRV,SHORT,1775887200,0.219521875,0.2183,1775894400,TIME,0.0070542920999168285,0.014108584199833657,0.0055660739960425865,1.1132147992085173,3,NEUTRAL,2026-04-11
1H,SUI,SHORT,1775887200,0.9318,0.933,1775894400,TIME,0.00632263207923222,0.01264526415846444,-0.0012878300064392465,-0.2575660012878493,3,NEUTRAL,2026-04-11
1H,LDO,LONG,1775887200,0.3285,0.33,1775894400,TIME,0.007079799956512287,0.014159599913024574,0.0045662100456621045,0.9132420091324209,3,NEUTRAL,2026-04-11
1H,FIL,SHORT,1775887200,0.9005000000000001,0.897,1775894400,TIME,0.005901483302926951,0.011802966605853902,0.0038867295946696926,0.7773459189339386,3,NEUTRAL,2026-04-11
1H,LINK,LONG,1775887200,9.0,9.0,1775894400,TIME,0.005015873015872999,0.010031746031745998,0.0,0.0,3,NEUTRAL,2026-04-11
1H,SOL,SHORT,1775887200,84.18,84.17,1775894400,TIME,0.004127210399484117,0.008254420798968234,0.00011879306248521162,0.023758612497042326,3,NEUTRAL,2026-04-11
4H,APT,LONG,1775894400,0.855,0.8486357142857143,1775898000,SL,0.007443609022556398,0.013398496240601517,-0.007443609022556388,-1.4887218045112776,2,BULL,2026-04-11
4H,CRV,LONG,1775894400,0.219521875,0.2213115892857143,1775898000,TP,0.006793986118370082,0.008152783342044098,0.008152783342044083,1.6305566684088164,2,BULL,2026-04-11
4H,ADA,LONG,1775894400,0.24975546875,0.24858046874999998,1775912400,SL,0.004704601688526617,0.011761504221316542,-0.004704601688526628,-0.9409203377053257,6,BULL,2026-04-11
4H,FIL,LONG,1775894400,0.8964189453125,0.8906332310267857,1775912400,SL,0.0064542525746121284,0.0064542525746121284,-0.006454252574612119,-1.2908505149224239,6,BULL,2026-04-11
4H,PENDLE,LONG,1775894400,1.1,1.0922285714285715,1775894400,SL,0.007064935064935059,0.017662337662337647,-0.007064935064935036,-1.4129870129870072,1,BULL,2026-04-11
1H,TON,LONG,1775898000,1.351,1.3396285714285714,1775898000,SL,0.008417045574706551,0.016834091149413102,-0.008417045574706579,-1.6834091149413157,1,BULL,2026-04-11
1H,CRV,LONG,1775898000,0.2213,0.21968857142857143,1775898000,SL,0.007281647408172489,0.014563294816344979,-0.007281647408172477,-1.4563294816344954,1,BULL,2026-04-11
1H,LDO,LONG,1775898000,0.33147499999999996,0.32944071428571425,1775898000,SL,0.0061370713154407395,0.012274142630881479,-0.006137071315440714,-1.2274142630881428,1,BULL,2026-04-11
1H,UNI,LONG,1775898000,3.1514375,3.1369803571428574,1775898000,SL,0.00458747567011653,0.00917495134023306,-0.004587475670116486,-0.9174951340232973,1,BULL,2026-04-11
1H,PENDLE,LONG,1775898000,1.0845,1.1003857142857143,1775905200,TP,0.007323980767964171,0.014647961535928343,0.014647961535928336,2.929592307185667,3,BULL,2026-04-11
1H,BTC,LONG,1775898000,72784.5175,72907.05,1775905200,TIME,0.002889704040226893,0.005779408080453786,0.00168349676838898,0.336699353677796,3,BULL,2026-04-11
1H,ETH,LONG,1775898000,2249.075,2240.3172857142854,1775898000,SL,0.0038939182933936394,0.007787836586787279,-0.003893918293393697,-0.7787836586787394,1,BULL,2026-04-11
1H,BNB,LONG,1775898000,608.161875,606.5561607142857,1775898000,SL,0.002640274492238239,0.005280548984476478,-0.002640274492238223,-0.5280548984476446,1,BULL,2026-04-11
1H,PENDLE,LONG,1775908800,1.093,1.0847714285714285,1775912400,SL,0.007528427656515496,0.015056855313030993,-0.00752842765651553,-1.5056855313031061,2,BULL,2026-04-11
1H,NEAR,LONG,1775908800,1.35466015625,1.352,1775916000,TIME,0.006158634772245779,0.012317269544491558,-0.001963707456609514,-0.3927414913219028,3,BULL,2026-04-11
1H,LDO,LONG,1775908800,0.33147499999999996,0.3296635714285714,1775912400,SL,0.005464751705041322,0.010929503410082643,-0.005464751705041331,-1.0929503410082662,2,BULL,2026-04-11
1H,ETH,LONG,1775908800,2249.9025,2242.643642857143,1775908800,SL,0.0032262985364286704,0.006452597072857341,-0.003226298536428722,-0.6452597072857444,1,BULL,2026-04-11
1H,BTC,LONG,1775908800,72786.1490625,72629.95420535715,1775912400,SL,0.0021459420391747447,0.004291884078349489,-0.0021459420391746475,-0.4291884078349295,2,BULL,2026-04-11
1H,BNB,LONG,1775908800,608.2125,606.8062142857143,1775908800,SL,0.0023121618090481463,0.0046243236180962925,-0.002312161809048109,-0.4624323618096218,1,BULL,2026-04-11
1H,TON,LONG,1775908800,1.417,1.4021428571428571,1775908800,SL,0.010484927916120577,0.020969855832241154,-0.010484927916120608,-2.0969855832241215,1,BULL,2026-04-11
1H,AVAX,LONG,1775908800,9.261796875,9.221796875,1775912400,SL,0.004318816374387379,0.008637632748774758,-0.004318816374387302,-0.8637632748774604,2,BULL,2026-04-11
4H,XLM,LONG,1775908800,0.1545,0.15355714285714286,1775912400,SL,0.006102635228848826,0.006102635228848826,-0.006102635228848765,-1.220527045769753,2,BULL,2026-04-11
4H,NEAR,LONG,1775908800,1.368,1.3554857142857144,1775908800,SL,0.00914786967418547,0.016466165413533847,-0.009147869674185452,-1.8295739348370903,1,BULL,2026-04-11
4H,AVAX,LONG,1775908800,9.35,9.315,1775908800,SL,0.003743315508021377,0.009358288770053442,-0.003743315508021406,-0.7486631016042812,1,BULL,2026-04-11
1H,NEAR,LONG,1775919600,1.368,1.3596571428571431,1775919600,SL,0.0060985797827903055,0.012197159565580611,-0.006098579782790194,-1.2197159565580387,1,BULL,2026-04-11
1H,APT,LONG,1775919600,0.856,0.8506857142857143,1775919600,SL,0.006208277703604812,0.012416555407209625,-0.006208277703604808,-1.2416555407209615,1,BULL,2026-04-11
1H,PENDLE,LONG,1775919600,1.093,1.0842571428571428,1775919600,SL,0.007998954385047718,0.015997908770095437,-0.007998954385047725,-1.599790877009545,1,BULL,2026-04-11
1H,ETH,LONG,1775919600,2249.9025,2242.3562142857145,1775919600,SL,0.0033540501040759834,0.006708100208151967,-0.003354050104075914,-0.6708100208151828,1,BULL,2026-04-11
1H,AVAX,LONG,1775919600,9.35,9.306000000000001,1775919600,SL,0.004705882352941163,0.009411764705882326,-0.004705882352941038,-0.9411764705882076,1,BULL,2026-04-11
1H,UNI,LONG,1775919600,3.1537187500000003,3.139775892857143,1775919600,SL,0.004421084518984836,0.008842169037969671,-0.004421084518984851,-0.8842169037969703,1,BULL,2026-04-11
1H,SOL,LONG,1775919600,84.98546875,84.62375446428571,1775919600,SL,0.004256189805557629,0.008512379611115258,-0.004256189805557614,-0.8512379611115228,1,BULL,2026-04-11
1H,BNB,LONG,1775919600,604.0140234375,607.0277377232142,1775923200,TP,0.002494738672260388,0.004989477344520776,0.004989477344520652,0.9978954689041305,2,BULL,2026-04-11
4H,ADA,LONG,1775923200,0.25429999999999997,0.25315999999999994,1775923200,SL,0.004482894219425905,0.011207235548564762,-0.004482894219425993,-0.8965788438851987,1,BULL,2026-04-11
4H,LINK,LONG,1775923200,9.274999999999999,9.247857142857141,1775923200,SL,0.0029264536003080267,0.0073161340007700665,-0.002926453600308095,-0.5852907200616191,1,BULL,2026-04-11
4H,SOL,LONG,1775923200,85.95,85.562,1775923200,SL,0.00451425247236767,0.00902850494473534,-0.004514252472367716,-0.9028504944735432,1,BULL,2026-04-11
4H,APT,LONG,1775923200,0.878,0.8715714285714286,1775923200,SL,0.007321835340058582,0.013179303612105448,-0.007321835340058599,-1.4643670680117198,1,BULL,2026-04-11
4H,POL,LONG,1775923200,0.0860956298828125,0.08524705845424108,1775926800,SL,0.009856149838574189,0.011827379806289026,-0.009856149838574134,-1.9712299677148266,2,BULL,2026-04-11
1H,TON,LONG,1775930400,1.505,1.4808285714285714,1775930400,SL,0.016060749881347883,0.032121499762695765,-0.016060749881347848,-3.2121499762695698,1,BULL,2026-04-11
1H,APT,LONG,1775930400,0.874,0.868,1775930400,SL,0.006864988558352409,0.013729977116704819,-0.006864988558352409,-1.372997711670482,1,BULL,2026-04-11
1H,LDO,LONG,1775930400,0.3389,0.3365685714285714,1775930400,SL,0.006879399738650266,0.013758799477300533,-0.006879399738650326,-1.3758799477300652,1,BULL,2026-04-11
1H,SUI,LONG,1775930400,0.9535,0.9484085714285715,1775930400,SL,0.005339725822158968,0.010679451644317935,-0.005339725822158914,-1.0679451644317828,1,BULL,2026-04-11
1H,CRV,LONG,1775930400,0.2228,0.22128,1775930400,SL,0.006822262118491939,0.013644524236983879,-0.0068222621184918925,-1.3644524236983786,1,BULL,2026-04-11
1H,ADA,LONG,1775930400,0.2522234375,0.25073772321428567,1775930400,SL,0.005890468786090872,0.011780937572181745,-0.005890468786090954,-1.1780937572181909,1,BULL,2026-04-11
1H,XLM,LONG,1775930400,0.1561,0.15532857142857143,1775930400,SL,0.0049418870687288315,0.009883774137457663,-0.004941887068728775,-0.988377413745755,1,BULL,2026-04-11
1H,FIL,LONG,1775930400,0.9177187500000001,0.9114330357142859,1775930400,SL,0.006849281749680162,0.013698563499360324,-0.006849281749680092,-1.3698563499360183,1,BULL,2026-04-11
4H,CRV,SHORT,1775937600,0.219521875,0.2211675892857143,1775937600,SL,0.0074968122685462974,0.008996174722255557,-0.007496812268546384,-1.499362453709277,1,NEUTRAL,2026-04-11
4H,SUI,SHORT,1775937600,0.942,0.9464142857142857,1775937600,SL,0.004686078252957233,0.011715195632393084,-0.0046860782529572235,-0.9372156505914447,1,NEUTRAL,2026-04-11
4H,AVAX,SHORT,1775937600,9.39,9.4495,1775937600,SL,0.006336528221512244,0.01584132055378061,-0.006336528221512235,-1.267305644302447,1,NEUTRAL,2026-04-11
1H,SUI,LONG,1775941200,0.9535,0.9473228571428571,1775944800,SL,0.006478387894224285,0.01295677578844857,-0.006478387894224311,-1.2956775788448622,2,NEUTRAL,2026-04-11
1H,CRV,LONG,1775941200,0.22139999999999999,0.21968,1775948400,SL,0.007768744354110205,0.01553748870822041,-0.007768744354110205,-1.553748870822041,3,NEUTRAL,2026-04-11
1H,HBAR,LONG,1775941200,0.0889025,0.0884785,1775944800,SL,0.004769269705576358,0.009538539411152716,-0.0047692697055762645,-0.9538539411152529,2,NEUTRAL,2026-04-11
1H,FIL,LONG,1775941200,0.912,0.9053714285714286,1775944800,SL,0.00726817042606517,0.01453634085213034,-0.007268170426065162,-1.4536340852130325,2,NEUTRAL,2026-04-11
1H,BTC,LONG,1775941200,73361.98000000001,73127.24971428572,1775948400,SL,0.0031996176454654915,0.006399235290930983,-0.0031996176454655817,-0.6399235290931163,3,NEUTRAL,2026-04-11
1H,UNI,LONG,1775941200,3.171,3.152771428571428,1775948400,SL,0.005748524575393088,0.011497049150786176,-0.005748524575393159,-1.1497049150786318,3,NEUTRAL,2026-04-11
1H,BNB,LONG,1775941200,608.2,612.0228571428572,1775944800,TP,0.0031427631888006698,0.0062855263776013396,0.006285526377601404,1.2571052755202807,2,NEUTRAL,2026-04-11
1H,NEAR,LONG,1775941200,1.3935,1.4188714285714286,1775944800,TP,0.009103490696601577,0.018206981393203155,0.018206981393203158,3.6413962786406318,2,NEUTRAL,2026-04-11
1H,ALGO,SHORT,1775952000,0.1085,0.10652285714285714,1775955600,TP,0.009111257406188282,0.018222514812376564,0.01822251481237657,3.6445029624753142,2,BEAR,2026-04-12
1H,FIL,SHORT,1775952000,0.8964189453125,0.8817903738839286,1775955600,TP,0.008159450168398542,0.016318900336797084,0.016318900336797074,3.2637800673594146,2,BEAR,2026-04-12
1H,ADA,SHORT,1775952000,0.24974453125,0.24577881696428572,1775955600,TP,0.007939541790695927,0.015879083581391853,0.015879083581391912,3.1758167162783826,2,BEAR,2026-04-12
1H,HBAR,SHORT,1775952000,0.08843,0.08750999999999999,1775955600,TP,0.00520185457423955,0.0104037091484791,0.01040370914847907,2.080741829695814,2,BEAR,2026-04-12
1H,BCH,SHORT,1775952000,433.675,435.3835714285715,1775952000,SL,0.003939750800879515,0.00787950160175903,-0.003939750800879631,-0.7879501601759262,1,BEAR,2026-04-12
1H,XLM,SHORT,1775952000,0.15316249999999998,0.1540882142857143,1775955600,SL,0.006044000886080395,0.01208800177216079,-0.00604400088608052,-1.2088001772161039,2,BEAR,2026-04-12
1H,CRV,SHORT,1775952000,0.219521875,0.216001875,1775955600,TP,0.00801742423163977,0.01603484846327954,0.016034848463279548,3.2069696926559095,2,BEAR,2026-04-12
1H,SUI,SHORT,1775952000,0.942,0.9282285714285714,1775955600,TP,0.007309675462541708,0.014619350925083416,0.014619350925083383,2.9238701850166766,2,BEAR,2026-04-12
4H,PENDLE,SHORT,1775952000,1.084140625,1.0963120535714286,1775952000,SL,0.011226798711125262,0.028066996777813158,-0.011226798711125228,-2.2453597422250455,1,NEUTRAL,2026-04-12
4H,LINK,SHORT,1775952000,8.805,8.843214285714286,1775952000,SL,0.004340066520645731,0.010850166301614327,-0.004340066520645767,-0.8680133041291535,1,NEUTRAL,2026-04-12
4H,POL,LONG,1775952000,0.0838,0.08482857142857143,1775952000,TP,0.010228435049437401,0.012274122059324882,0.012274122059324991,2.4548244118649984,1,NEUTRAL,2026-04-12
4H,LDO,SHORT,1775952000,0.3205,0.32413571428571425,1775952000,SL,0.011343882326721677,0.017015823490082516,-0.011343882326721504,-2.2687764653443008,1,NEUTRAL,2026-04-12
4H,ALGO,SHORT,1775952000,0.1057,0.10681214285714287,1775952000,SL,0.01052169212055683,0.018939045817002294,-0.010521692120556926,-2.1043384241113854,1,NEUTRAL,2026-04-12
1H,LDO,SHORT,1775962800,0.3205,0.3197,1775970000,TIME,0.011482059282371327,0.022964118564742654,0.0024960998439938313,0.4992199687987663,3,BEAR,2026-04-12
1H,NEAR,SHORT,1775962800,1.33925,1.34,1775970000,TIME,0.012843009146910599,0.025686018293821198,-0.0005600149337315873,-0.11200298674631746,3,BEAR,2026-04-12
1H,LINK,SHORT,1775962800,8.805,8.8,1775970000,TIME,0.009150644925772685,0.01830128985154537,0.0005678591709254975,0.1135718341850995,3,BEAR,2026-04-12
1H,SUI,SHORT,1775962800,0.9137,0.9149,1775970000,TIME,0.010162760518457143,0.020325521036914287,-0.0013133413593084053,-0.26266827186168107,3,BEAR,2026-04-12
1H,ALGO,SHORT,1775962800,0.1057,0.1058,1775970000,TIME,0.010325719691850269,0.020651439383700537,-0.0009460737937559401,-0.189214758751188,3,BEAR,2026-04-12
1H,APT,SHORT,1775962800,0.832875,0.831,1775970000,TIME,0.009948328723655163,0.019896657447310326,0.002251238180999635,0.450247636199927,3,BEAR,2026-04-12
1H,CRV,SHORT,1775962800,0.2131,0.2133,1775970000,TIME,0.010109271301199969,0.020218542602399938,-0.0009385265133738995,-0.1877053026747799,3,BEAR,2026-04-12
1H,AVAX,SHORT,1775962800,9.05875,9.07,1775970000,TIME,0.01066056890535986,0.02132113781071972,-0.0012418931971850892,-0.24837863943701785,3,BEAR,2026-04-12
4H,CRV,LONG,1775966400,0.2131,0.21094000000000002,1775988000,SL,0.010136086344439223,0.012163303613327067,-0.010136086344439207,-2.0272172688878416,7,NEUTRAL,2026-04-12
4H,SUI,SHORT,1775966400,0.9137,0.9111,1775991600,TIME,0.007584546350005476,0.01896136587501369,0.002845572945167928,0.5691145890335856,8,NEUTRAL,2026-04-12
4H,LTC,LONG,1775966400,53.775,53.87,1775991600,TIME,0.007172743574417223,0.007172743574417223,0.0017666201766619967,0.3533240353323993,8,NEUTRAL,2026-04-12
1H,ADA,SHORT,1775973600,0.242,0.2408,1775980800,TIME,0.009397874852420275,0.01879574970484055,0.00495867768595044,0.9917355371900881,3,BEAR,2026-04-12
1H,LDO,SHORT,1775973600,0.317875,0.3191,1775980800,TIME,0.010624122240323613,0.021248244480647226,-0.0038537160833660277,-0.7707432166732056,3,BEAR,2026-04-12
1H,AVAX,SHORT,1775973600,9.05875,9.04,1775980800,TIME,0.0098405251434091,0.0196810502868182,0.002069821995308482,0.41396439906169635,3,BEAR,2026-04-12
1H,SUI,SHORT,1775973600,0.9137,0.9123,1775980800,TIME,0.009562375897059055,0.01912475179411811,0.0015322315858596442,0.30644631717192883,3,BEAR,2026-04-12
1H,PENDLE,SHORT,1775973600,1.065,1.063,1775980800,TIME,0.012555331991951663,0.025110663983903325,0.0018779342723004712,0.3755868544600942,3,BEAR,2026-04-12
1H,NEAR,SHORT,1775973600,1.3315000000000001,1.336,1775980800,TIME,0.011844858108470606,0.02368971621694121,-0.003379647014645098,-0.6759294029290196,3,BEAR,2026-04-12
1H,POL,SHORT,1775973600,0.0837,0.08431714285714284,1775973600,SL,0.007373271889400924,0.014746543778801849,-0.007373271889400764,-1.4746543778801529,1,BEAR,2026-04-12
1H,ALGO,SHORT,1775973600,0.1057,0.1052,1775980800,TIME,0.00951479929720235,0.0190295985944047,0.004730368968779569,0.9460737937559138,3,BEAR,2026-04-12
4H,ALGO,SHORT,1775980800,0.1049,0.10318742857142855,1775998800,TP,0.009069862454037882,0.016325752417268188,0.01632575241726824,3.265150483453648,6,NEUTRAL,2026-04-12
4H,UNI,LONG,1775980800,3.0478750000000003,3.0768121428571433,1775980800,TP,0.007911835529437961,0.009494202635325553,0.009494202635325593,1.8988405270651185,1,NEUTRAL,2026-04-12
4H,XRP,SHORT,1775980800,1.33345,1.3200035714285714,1776006000,TP,0.00403357563356064,0.0100839390839016,0.010083939083901636,2.0167878167803273,8,NEUTRAL,2026-04-12
4H,NEAR,LONG,1775980800,1.3305,1.336,1776006000,TIME,0.015139313899178662,0.02725076501852159,0.004133784291619737,0.8267568583239473,8,NEUTRAL,2026-04-12
4H,ETH,SHORT,1775980800,2207.0890625,2192.568205357143,1775995200,TP,0.005482657900541465,0.006579189480649758,0.006579189480649714,1.3158378961299428,5,NEUTRAL,2026-04-12
1H,PENDLE,SHORT,1775984400,1.059,1.066,1775991600,TIME,0.01100768919465801,0.02201537838931602,-0.006610009442870744,-1.3220018885741487,3,BEAR,2026-04-12
1H,LDO,SHORT,1775984400,0.3177875,0.317,1775991600,TIME,0.009422289153241462,0.018844578306482923,0.0024780710380364127,0.49561420760728253,3,BEAR,2026-04-12
1H,APT,SHORT,1775984400,0.823,0.825,1775991600,TIME,0.008123589654573868,0.016247179309147736,-0.0024301336573511567,-0.48602673147023134,3,BEAR,2026-04-12
1H,ALGO,SHORT,1775984400,0.1048,0.1049,1775991600,TIME,0.007960741548527826,0.015921483097055652,-0.0009541984732823377,-0.19083969465646752,3,BEAR,2026-04-12
1H,NEAR,SHORT,1775984400,1.331,1.332,1775991600,TIME,0.009960287646238089,0.019920575292476178,-0.0007513148009016618,-0.15026296018033236,3,BEAR,2026-04-12
1H,POL,SHORT,1775984400,0.0833,0.0831,1775991600,TIME,0.00692848567998628,0.01385697135997256,0.0024009603841537303,0.48019207683074605,3,BEAR,2026-04-12
1H,UNI,SHORT,1775984400,3.0478750000000003,3.049,1775991600,TIME,0.0075556154463589965,0.015111230892717993,-0.0003691096255586592,-0.07382192511173184,3,BEAR,2026-04-12
1H,SUI,SHORT,1775984400,0.9137,0.9111,1775991600,TIME,0.008111446395347029,0.016222892790694058,0.002845572945167928,0.5691145890335856,3,BEAR,2026-04-12
1H,NEAR,SHORT,1775995200,1.331,1.342657142857143,1775995200,SL,0.008758183964795562,0.017516367929591124,-0.008758183964795666,-1.7516367929591332,1,BEAR,2026-04-12
1H,LDO,SHORT,1775995200,0.3154,0.31807428571428575,1775995200,SL,0.00847902889754508,0.01695805779509016,-0.008479028897545149,-1.6958057795090298,1,BEAR,2026-04-12
1H,SUI,SHORT,1775995200,0.9068937499999999,0.9135051785714285,1775995200,SL,0.007290190908723968,0.014580381817447936,-0.007290190908723984,-1.458038181744797,1,BEAR,2026-04-12
1H,APT,SHORT,1775995200,0.823,0.8296285714285714,1775995200,SL,0.008054157264363834,0.016108314528727668,-0.008054157264363825,-1.610831452872765,1,BEAR,2026-04-12
1H,BCH,SHORT,1775995200,422.825,425.39642857142854,1775995200,SL,0.0060815433605594955,0.012163086721118991,-0.006081543360559463,-1.2163086721118928,1,BEAR,2026-04-12
1H,SOL,SHORT,1775995200,82.06,81.56,1776002400,TIME,0.006190592249573473,0.012381184499146946,0.006093102607847916,1.2186205215695831,3,BEAR,2026-04-12
1H,UNI,SHORT,1775995200,3.033,3.0547142857142853,1775995200,SL,0.00715934247091517,0.01431868494183034,-0.007159342470915053,-1.4318684941830104,1,BEAR,2026-04-12
1H,CRV,SHORT,1775995200,0.21155,0.2106,1776002400,TIME,0.007590235337812769,0.015180470675625538,0.004490664145591958,0.8981328291183915,3,BEAR,2026-04-12
4H,SUI,SHORT,1775995200,0.9,0.9049585714285714,1775995200,SL,0.005509523809523822,0.013773809523809554,-0.005509523809523742,-1.1019047619047484,1,NEUTRAL,2026-04-12
4H,ADA,SHORT,1775995200,0.2385,0.23999499999999999,1775995200,SL,0.006268343815513629,0.01567085953878407,-0.0062683438155136115,-1.2536687631027223,1,NEUTRAL,2026-04-12
4H,LDO,LONG,1775995200,0.3121,0.31711428571428574,1775995200,TP,0.010710852748661159,0.016066279122991738,0.016066279122991828,3.213255824598366,1,NEUTRAL,2026-04-12
1H,ALGO,SHORT,1776006000,0.1023,0.10292857142857142,1776006000,SL,0.006144393241167433,0.012288786482334866,-0.006144393241167378,-1.2288786482334757,1,BEAR,2026-04-12
1H,PENDLE,SHORT,1776006000,1.0542500000000001,1.062707142857143,1776013200,SL,0.0080219519631424,0.0160439039262848,-0.008021951963142461,-1.6043903926284921,3,BEAR,2026-04-12
1H,SUI,SHORT,1776006000,0.9,0.9049657142857144,1776013200,SL,0.00551746031746033,0.01103492063492066,-0.00551746031746039,-1.103492063492078,3,BEAR,2026-04-12
1H,LDO,SHORT,1776006000,0.3121,0.31405428571428573,1776013200,SL,0.006261729299217286,0.012523458598434572,-0.006261729299217372,-1.2523458598434745,3,BEAR,2026-04-12
1H,ADA,SHORT,1776006000,0.2385,0.23981999999999998,1776013200,SL,0.00553459119496855,0.0110691823899371,-0.0055345911949685024,-1.1069182389937005,3,BEAR,2026-04-12
1H,FIL,SHORT,1776006000,0.86,0.865257142857143,1776009600,SL,0.006112956810631235,0.01222591362126247,-0.0061129568106313495,-1.2225913621262698,2,BEAR,2026-04-12
1H,APT,SHORT,1776006000,0.823,0.8280857142857142,1776013200,SL,0.006179482728692942,0.012358965457385884,-0.006179482728692891,-1.2358965457385782,3,BEAR,2026-04-12
1H,ETH,SHORT,1776006000,2187.8,2198.282857142857,1776013200,SL,0.004791506144463436,0.009583012288926872,-0.0047915061444634005,-0.9583012288926801,3,BEAR,2026-04-12
4H,NEAR,LONG,1776009600,1.35476171875,1.3407902901785715,1776009600,SL,0.01031283094145857,0.018563095694625425,-0.010312830941458519,-2.062566188291704,1,NEUTRAL,2026-04-12
4H,SOL,SHORT,1776009600,82.06,82.39542857142857,1776024000,SL,0.004087601406636243,0.008175202813272485,-0.004087601406636183,-0.8175202813272365,5,NEUTRAL,2026-04-12
4H,TON,LONG,1776009600,1.47,1.442742857142857,1776009600,SL,0.018542274052478137,0.027813411078717206,-0.01854227405247814,-3.708454810495628,1,NEUTRAL,2026-04-12
4H,APT,SHORT,1776009600,0.823,0.8283999999999999,1776013200,SL,0.006561360874848122,0.011810449574726621,-0.006561360874848069,-1.3122721749696138,2,NEUTRAL,2026-04-12
4H,AVAX,LONG,1776009600,9.0628125,9.0223125,1776009600,SL,0.004468811420295865,0.011172028550739661,-0.0044688114202958255,-0.8937622840591651,1,NEUTRAL,2026-04-12
1H,ADA,SHORT,1776016800,0.2385,0.23983142857142858,1776016800,SL,0.0055825097334531336,0.011165019466906267,-0.005582509733453226,-1.1165019466906452,1,BEAR,2026-04-12
1H,SUI,SHORT,1776016800,0.9068625,0.9115710714285714,1776016800,SL,0.005192155843439798,0.010384311686879597,-0.005192155843439766,-1.0384311686879533,1,BEAR,2026-04-12
1H,PENDLE,SHORT,1776016800,1.059,1.056,1776024000,TIME,0.007932011331444786,0.01586402266288957,0.0028328611898015975,0.5665722379603195,3,BEAR,2026-04-12
1H,APT,SHORT,1776016800,0.823,0.8282,1776016800,SL,0.006318347509113008,0.012636695018226016,-0.006318347509113115,-1.263669501822623,1,BEAR,2026-04-12
1H,UNI,SHORT,1776016800,3.048,3.052,1776024000,TIME,0.005155605549306319,0.010311211098612638,-0.0013123359580052504,-0.2624671916010501,3,BEAR,2026-04-12
1H,AVAX,SHORT,1776016800,9.12,9.13,1776024000,TIME,0.005764411027568944,0.011528822055137888,-0.001096491228070347,-0.21929824561406938,3,BEAR,2026-04-12
1H,BCH,SHORT,1776016800,422.6125,424.16107142857146,1776024000,SL,0.0036642821226807853,0.0073285642453615706,-0.003664282122680823,-0.7328564245361646,3,BEAR,2026-04-12
1H,SOL,SHORT,1776016800,82.06,82.39828571428572,1776024000,SL,0.004122419135823933,0.008244838271647867,-0.004122419135824003,-0.8244838271648005,3,BEAR,2026-04-12
4H,XLM,LONG,1776024000,0.1501,0.15106857142857144,1776024000,TP,0.006452840963167414,0.006452840963167414,0.00645284096316742,1.290568192633484,1,NEUTRAL,2026-04-12
4H,ALGO,LONG,1776024000,0.1017,0.10301914285714285,1776024000,TP,0.007206068268015158,0.012970922882427285,0.012970922882427257,2.5941845764854516,1,NEUTRAL,2026-04-12
4H,ETH,LONG,1776024000,2188.99,2198.3134857142854,1776024000,TP,0.0035493864424101383,0.0042592637308921655,0.004259263730892171,0.8518527461784341,1,NEUTRAL,2026-04-12
1H,FIL,SHORT,1776027600,0.869,0.8751142857142858,1776027600,SL,0.007036001972710841,0.014072003945421682,-0.007036001972710989,-1.4072003945421978,1,BEAR,2026-04-12
1H,APT,SHORT,1776027600,0.82,0.8085714285714285,1776031200,TP,0.006968641114982586,0.013937282229965172,0.01393728222996519,2.7874564459930378,2,BEAR,2026-04-12
1H,CRV,SHORT,1776027600,0.21155,0.20865857142857142,1776031200,TP,0.006833912955397266,0.013667825910794532,0.013667825910794483,2.7335651821588964,2,BEAR,2026-04-12
1H,LINK,SHORT,1776027600,8.823125000000001,8.733982142857144,1776031200,TP,0.0050516601058501085,0.010103320211700217,0.010103320211700158,2.0206640423400315,2,BEAR,2026-04-12
1H,ADA,SHORT,1776027600,0.24,0.23729142857142854,1776031200,TP,0.00564285714285715,0.0112857142857143,0.011285714285714371,2.257142857142874,2,BEAR,2026-04-12
1H,UNI,SHORT,1776027600,3.048,3.0142857142857147,1776031200,TP,0.005530558680164961,0.011061117360329923,0.011061117360329843,2.2122234720659684,2,BEAR,2026-04-12
1H,HBAR,SHORT,1776027600,0.085895,0.08627785714285716,1776027600,SL,0.004457269257315843,0.008914538514631686,-0.00445726925731599,-0.8914538514631981,1,BEAR,2026-04-12
1H,LTC,SHORT,1776027600,53.765,53.414142857142856,1776031200,TP,0.00326287680514408,0.00652575361028816,0.006525753610288186,1.3051507220576373,2,BEAR,2026-04-12
1H,SUI,SHORT,1776038400,0.9068625,0.906,1776045600,TIME,0.00602390896399082,0.01204781792798164,0.0009510813381300784,0.19021626762601568,3,NEUTRAL,2026-04-13
1H,ETH,SHORT,1776038400,2206.488125,2194.22,1776045600,TIME,0.005497035184425861,0.010994070368851722,0.005560023124982853,1.1120046249965705,3,NEUTRAL,2026-04-13
1H,BCH,SHORT,1776038400,424.1,425.9457142857143,1776045600,SL,0.004352073298076608,0.008704146596153216,-0.004352073298076585,-0.8704146596153169,3,NEUTRAL,2026-04-13
1H,ADA,SHORT,1776038400,0.2385,0.2368,1776045600,TIME,0.006492961964660082,0.012985923929320164,0.007127882599580626,1.4255765199161252,3,NEUTRAL,2026-04-13
1H,UNI,SHORT,1776038400,3.048,3.041,1776045600,TIME,0.006130483689538799,0.012260967379077599,0.002296587926509225,0.45931758530184497,3,NEUTRAL,2026-04-13
1H,LTC,SHORT,1776038400,53.765,53.75,1776045600,TIME,0.0037411486495463097,0.007482297299092619,0.0002789919092346428,0.055798381846928556,3,NEUTRAL,2026-04-13
1H,PENDLE,SHORT,1776038400,1.0539999999999998,1.058,1776045600,TIME,0.008403361344537843,0.016806722689075685,-0.003795066413662454,-0.7590132827324908,3,NEUTRAL,2026-04-13
1H,XRP,SHORT,1776038400,1.334325,1.3235364285714286,1776038400,TP,0.004042707521994814,0.008085415043989628,0.00808541504398956,1.6170830087979122,1,NEUTRAL,2026-04-13
4H,TON,SHORT,1776038400,1.442,1.423,1776063600,TIME,0.017713493164255998,0.026570239746384,0.013176144244105344,2.6352288488210687,8,NEUTRAL,2026-04-13
4H,SUI,SHORT,1776038400,0.9068625,0.9109596428571428,1776042000,SL,0.004517931722993114,0.011294829307482785,-0.004517931722993066,-0.9035863445986132,2,NEUTRAL,2026-04-13
4H,NEAR,SHORT,1776038400,1.369,1.3861428571428573,1776042000,SL,0.012522174684336857,0.022539914431806342,-0.012522174684336997,-2.5044349368673995,2,NEUTRAL,2026-04-13
4H,AVAX,LONG,1776038400,9.0628125,9.1990625,1776060000,TP,0.006013585738422821,0.015033964346057053,0.01503396434605708,3.0067928692114156,7,NEUTRAL,2026-04-13
4H,HBAR,LONG,1776038400,0.08503,0.08502,1776063600,TIME,0.006359100149527077,0.012718200299054154,-0.00011760555098196076,-0.023521110196392154,8,NEUTRAL,2026-04-13
1H,SUI,SHORT,1776049200,0.9068625,0.904,1776056400,TIME,0.005475708043627621,0.010951416087255242,0.003156487339591162,0.6312974679182324,3,NEUTRAL,2026-04-13
1H,ADA,SHORT,1776049200,0.23859999999999998,0.2381,1776056400,TIME,0.00610705304753921,0.01221410609507842,0.002095557418273146,0.41911148365462925,3,NEUTRAL,2026-04-13
1H,XRP,SHORT,1776049200,1.32631015625,1.331653013392857,1776056400,SL,0.004028361780749314,0.008056723561498629,-0.004028361780749271,-0.8056723561498542,3,NEUTRAL,2026-04-13
1H,LTC,SHORT,1776049200,53.765,53.7,1776056400,TIME,0.0032947615947708964,0.006589523189541793,0.0012089649400166972,0.24179298800333943,3,NEUTRAL,2026-04-13
1H,ALGO,SHORT,1776049200,0.1027,0.102,1776056400,TIME,0.006509945750452081,0.013019891500904162,0.006815968841285357,1.3631937682570714,3,NEUTRAL,2026-04-13
1H,FIL,SHORT,1776049200,0.868,0.862,1776056400,TIME,0.0069782751810401646,0.013956550362080329,0.0069124423963133706,1.3824884792626742,3,NEUTRAL,2026-04-13
1H,LDO,SHORT,1776049200,0.3154,0.31130857142857143,1776052800,TP,0.006486094754959709,0.012972189509919418,0.0129721895099194,2.59443790198388,2,NEUTRAL,2026-04-13
1H,CRV,SHORT,1776049200,0.21165,0.2099,1776056400,TIME,0.007019675340015546,0.014039350680031091,0.008268367587999063,1.6536735175998125,3,NEUTRAL,2026-04-13
4H,ETH,SHORT,1776052800,2186.49,2194.7374285714286,1776052800,SL,0.0037719946450377514,0.004526393574045302,-0.003771994645037859,-0.7543989290075718,1,BEAR,2026-04-13
4H,FIL,SHORT,1776052800,0.859375,0.8661892857142858,1776060000,SL,0.007929350649350657,0.007929350649350657,-0.007929350649350717,-1.5858701298701434,3,BEAR,2026-04-13
4H,CRV,SHORT,1776052800,0.20829999999999999,0.20969999999999997,1776052800,SL,0.006721075372059544,0.008065290446471453,-0.006721075372059456,-1.3442150744118913,1,BEAR,2026-04-13
1H,POL,SHORT,1776060000,0.082,0.0816,1776067200,TIME,0.0065505226480836376,0.013101045296167275,0.004878048780487775,0.9756097560975551,3,BEAR,2026-04-13
1H,ALGO,SHORT,1776060000,0.101575,0.10219214285714287,1776060000,SL,0.006075735733623995,0.01215147146724799,-0.006075735733624137,-1.2151471467248274,1,BEAR,2026-04-13
1H,HBAR,SHORT,1776060000,0.0858975,0.08499464285714285,1776063600,TP,0.0052554331782481735,0.010510866356496347,0.010510866356496402,2.1021732712992804,2,BEAR,2026-04-13
1H,ETH,SHORT,1776060000,2207.7690625,2185.886776785714,1776063600,TP,0.0049557460709923765,0.009911492141984753,0.0099114921419848,1.98229842839696,2,BEAR,2026-04-13
1H,LTC,SHORT,1776060000,53.405,53.59585714285715,1776060000,SL,0.0035737691762408666,0.007147538352481733,-0.003573769176240946,-0.7147538352481891,1,BEAR,2026-04-13
1H,CRV,SHORT,1776060000,0.21165,0.2090557142857143,1776063600,TP,0.0061287165468597235,0.012257433093719447,0.012257433093719421,2.451486618743884,2,BEAR,2026-04-13
1H,BTC,SHORT,1776060000,70624.28875,70893.67046428571,1776060000,SL,0.0038142927745338025,0.007628585549067605,-0.0038142927745336134,-0.7628585549067227,1,BEAR,2026-04-13
1H,LDO,SHORT,1776060000,0.3025,0.3052257142857143,1776060000,SL,0.00901062573789849,0.01802125147579698,-0.009010625737898617,-1.8021251475797233,1,BEAR,2026-04-13
4H,NEAR,LONG,1776067200,1.37875,1.377,1776092400,TIME,0.016723222380520666,0.0301018002849372,-0.0012692656391658519,-0.2538531278331704,8,NEUTRAL,2026-04-13
4H,BCH,SHORT,1776067200,426.04999999999995,423.47857142857134,1776067200,TP,0.006035508910758306,0.006035508910758306,0.006035508910758391,1.207101782151678,1,NEUTRAL,2026-04-13
4H,XRP,SHORT,1776067200,1.3261703125,1.3307174553571428,1776081600,SL,0.0034287774460664165,0.008571943615166042,-0.0034287774460664234,-0.6857554892132847,5,NEUTRAL,2026-04-13
4H,TON,LONG,1776067200,1.4055,1.4341714285714284,1776088800,TP,0.013599634090562604,0.020399451135843905,0.0203994511358438,4.07989022716876,7,NEUTRAL,2026-04-13
4H,LINK,SHORT,1776067200,8.7475,8.779285714285715,1776081600,SL,0.0036336912587269783,0.009084228146817445,-0.0036336912587269852,-0.7267382517453971,5,NEUTRAL,2026-04-13
1H,NEAR,LONG,1776070800,1.387,1.3708857142857143,1776078000,SL,0.011618086311669596,0.023236172623339192,-0.011618086311669608,-2.3236172623339217,3,NEUTRAL,2026-04-13
1H,ADA,SHORT,1776070800,0.23859999999999998,0.2382,1776078000,TIME,0.006083103819901817,0.012166207639803634,0.0016764459346185405,0.33528918692370807,3,NEUTRAL,2026-04-13
1H,LINK,SHORT,1776070800,8.7475,8.74,1776078000,TIME,0.0058792308006369075,0.011758461601273815,0.0008573878250929161,0.17147756501858322,3,NEUTRAL,2026-04-13
1H,SOL,SHORT,1776070800,81.95,81.86,1776078000,TIME,0.0061779830907347285,0.012355966181469457,0.0010982306284320123,0.21964612568640246,3,NEUTRAL,2026-04-13
1H,SUI,SHORT,1776070800,0.9068625,0.9041,1776078000,TIME,0.0056017312437111255,0.011203462487422251,0.00304621703951812,0.609243407903624,3,NEUTRAL,2026-04-13
1H,TON,LONG,1776070800,1.41,1.407,1776078000,TIME,0.008834853090172247,0.017669706180344493,-0.0021276595744680084,-0.42553191489360165,3,NEUTRAL,2026-04-13
1H,APT,LONG,1776070800,0.82,0.825,1776078000,TIME,0.006898954703832729,0.013797909407665458,0.0060975609756097615,1.2195121951219523,3,NEUTRAL,2026-04-13
1H,BCH,LONG,1776070800,426.04999999999995,424.28999999999996,1776070800,SL,0.004130970543363466,0.008261941086726931,-0.004130970543363434,-0.8261941086726868,1,NEUTRAL,2026-04-13
1H,NEAR,LONG,1776081600,1.37875,1.396,1776088800,TIME,0.011977723092863627,0.023955446185727255,0.012511332728921116,2.5022665457842233,3,NEUTRAL,2026-04-13
1H,UNI,SHORT,1776081600,3.06171875,3.0235473214285715,1776081600,TP,0.006233660190281788,0.012467320380563576,0.012467320380563467,2.4934640761126934,1,NEUTRAL,2026-04-13
1H,LDO,SHORT,1776081600,0.311,0.30628,1776081600,TP,0.007588424437299037,0.015176848874598074,0.015176848874598078,3.0353697749196153,1,NEUTRAL,2026-04-13
1H,TON,SHORT,1776081600,1.41,1.4209714285714286,1776085200,SL,0.007781155015197576,0.015562310030395153,-0.007781155015197612,-1.5562310030395223,2,NEUTRAL,2026-04-13
1H,PENDLE,LONG,1776081600,1.0535,1.0453857142857144,1776081600,SL,0.007702217099464377,0.015404434198928754,-0.007702217099464395,-1.540443419892879,1,NEUTRAL,2026-04-13
1H,ADA,LONG,1776081600,0.2411,0.23966571428571432,1776081600,SL,0.005948924571902586,0.011897849143805171,-0.005948924571902503,-1.1897849143805006,1,NEUTRAL,2026-04-13
1H,APT,LONG,1776081600,0.8314999999999999,0.8262428571428571,1776081600,SL,0.006322480886521761,0.012644961773043521,-0.006322480886521768,-1.2644961773043535,1,NEUTRAL,2026-04-13
1H,LINK,LONG,1776081600,8.7475,8.701214285714286,1776081600,SL,0.005291307720573228,0.010582615441146456,-0.005291307720573222,-1.0582615441146443,1,NEUTRAL,2026-04-13
4H,HBAR,LONG,1776081600,0.0849975,0.08607178571428573,1776085200,TP,0.006319513599139469,0.012639027198278937,0.012639027198279033,2.5278054396558067,2,NEUTRAL,2026-04-13
4H,SUI,SHORT,1776081600,0.9135375,0.9044196428571428,1776081600,TP,0.003992329660405665,0.009980824151014162,0.009980824151014247,1.9961648302028494,1,NEUTRAL,2026-04-13
4H,UNI,SHORT,1776081600,3.089625,3.066722142857143,1776081600,TP,0.006177356244111929,0.007412827492934314,0.007412827492934221,1.4825654985868442,1,NEUTRAL,2026-04-13
1H,LDO,SHORT,1776092400,0.311,0.31370857142857145,1776096000,SL,0.008709232889297208,0.017418465778594416,-0.008709232889297263,-1.7418465778594527,2,NEUTRAL,2026-04-13
1H,AVAX,LONG,1776092400,9.19,9.370571428571429,1776099600,TP,0.009824343230219173,0.019648686460438346,0.019648686460438467,3.9297372920876934,3,NEUTRAL,2026-04-13
1H,APT,LONG,1776092400,0.8474999999999999,0.8405285714285714,1776092400,SL,0.008225874420564688,0.016451748841129377,-0.008225874420564622,-1.6451748841129246,1,NEUTRAL,2026-04-13
1H,ETH,LONG,1776092400,2207.88625,2234.463392857143,1776092400,TP,0.006018684807050857,0.012037369614101715,0.012037369614101685,2.407473922820337,1,NEUTRAL,2026-04-13
1H,PENDLE,LONG,1776092400,1.059,1.0788857142857142,1776092400,TP,0.009388911371914227,0.018777822743828453,0.018777822743828408,3.7555645487656815,1,NEUTRAL,2026-04-13
1H,BTC,LONG,1776092400,71852.68,72515.272,1776099600,TP,0.004610767475896488,0.009221534951792976,0.009221534951793089,1.8443069903586178,3,NEUTRAL,2026-04-13
1H,ADA,SHORT,1776092400,0.2398875,0.2415560714285714,1776092400,SL,0.006955641409291558,0.013911282818583117,-0.0069556414092914725,-1.3911282818582944,1,NEUTRAL,2026-04-13
1H,XLM,LONG,1776092400,0.15195312500000002,0.1517,1776099600,TIME,0.006167315460888692,0.012334630921777385,-0.0016658097686376681,-0.33316195372753366,3,NEUTRAL,2026-04-13
4H,POL,LONG,1776096000,0.0841,0.08330285714285714,1776096000,SL,0.009478511975539285,0.011374214370647142,-0.009478511975539327,-1.8957023951078653,1,BULL,2026-04-13
4H,CRV,LONG,1776096000,0.2156,0.2140857142857143,1776096000,SL,0.007023588656241716,0.008428306387490059,-0.0070235886562417344,-1.404717731248347,1,BULL,2026-04-13
4H,TON,LONG,1776096000,1.433125,1.436,1776121200,TIME,0.01291882125724255,0.019378231885863826,0.002006105538595699,0.4012211077191398,8,BULL,2026-04-13
4H,AVAX,LONG,1776096000,9.39,9.308,1776096000,SL,0.008732694355697544,0.021831735889243857,-0.008732694355697629,-1.7465388711395258,1,BULL,2026-04-13
4H,NEAR,LONG,1776096000,1.41,1.3844571428571428,1776096000,SL,0.01811550151975683,0.03260790273556229,-0.018115501519756803,-3.6231003039513605,1,BULL,2026-04-13
1H,AVAX,LONG,1776103200,9.261875,9.3,1776110400,TIME,0.010858646718016444,0.02171729343603289,0.004116337134759522,0.8232674269519045,3,BULL,2026-04-13
1H,UNI,LONG,1776103200,3.089625,3.118,1776110400,TIME,0.008896132794664169,0.017792265589328338,0.009183962454990506,1.836792490998101,3,BULL,2026-04-13
1H,NEAR,LONG,1776103200,1.3949375,1.391,1776110400,TIME,0.012125479252142609,0.024250958504285217,-0.002822707110533574,-0.5645414221067148,3,BULL,2026-04-13
1H,LDO,LONG,1776103200,0.318275,0.32449214285714284,1776106800,TP,0.009766935601512622,0.019533871203025244,0.019533871203025265,3.9067742406050527,2,BULL,2026-04-13
1H,ETH,LONG,1776103200,2234.2475,2218.7012142857143,1776103200,SL,0.006958175275696062,0.013916350551392124,-0.006958175275696027,-1.3916350551392054,1,BULL,2026-04-13
1H,LINK,LONG,1776103200,8.885000000000002,9.017571428571431,1776106800,TP,0.007460406785111354,0.014920813570222707,0.014920813570222784,2.984162714044557,2,BULL,2026-04-13
1H,PENDLE,LONG,1776103200,1.059,1.067,1776110400,TIME,0.010360178065560501,0.020720356131121002,0.007554296506137873,1.5108593012275746,3,BULL,2026-04-13
1H,SUI,LONG,1776103200,0.9233,0.9158657142857143,1776103200,SL,0.008051863656759127,0.016103727313518255,-0.008051863656759153,-1.6103727313518306,1,BULL,2026-04-13
4H,XRP,LONG,1776110400,1.3752,1.3694314285714286,1776110400,SL,0.004194714535028673,0.010486786337571682,-0.00419471453502861,-0.838942907005722,1,BULL,2026-04-13
4H,APT,LONG,1776110400,0.874,0.8647428571428571,1776110400,SL,0.010591696632886576,0.019065053939195838,-0.010591696632886559,-2.1183393265773116,1,BULL,2026-04-13
4H,FIL,LONG,1776110400,0.9176250000000001,0.9083035714285715,1776110400,SL,0.010158211220736771,0.010158211220736771,-0.010158211220736783,-2.0316422441473567,1,BULL,2026-04-13
1H,PENDLE,LONG,1776114000,1.08489453125,1.0732373883928572,1776114000,SL,0.010744954943879798,0.021489909887759596,-0.010744954943879767,-2.1489909887759535,1,BULL,2026-04-13
1H,AVAX,LONG,1776114000,9.3365625,9.545705357142857,1776117600,TP,0.011200206561186582,0.022400413122373165,0.022400413122373248,4.480082624474649,2,BULL,2026-04-13
1H,UNI,LONG,1776114000,3.126,3.184171428571428,1776117600,TP,0.009304451147061502,0.018608902294123004,0.018608902294122945,3.721780458824589,2,BULL,2026-04-13
1H,LDO,LONG,1776114000,0.3229,0.32922,1776117600,TP,0.009786311551563955,0.01957262310312791,0.01957262310312788,3.914524620625576,2,BULL,2026-04-13
1H,FIL,LONG,1776114000,0.9105000000000001,0.9015285714285716,1776114000,SL,0.009853298815407556,0.01970659763081511,-0.009853298815407488,-1.9706597630814975,1,BULL,2026-04-13
1H,NEAR,LONG,1776114000,1.3949375,1.419,1776121200,TIME,0.011633905768947638,0.023267811537895276,0.017249876786594454,3.4499753573188907,3,BULL,2026-04-13
1H,SUI,LONG,1776114000,0.9284749999999999,0.9448064285714286,1776117600,TP,0.008794759455789627,0.017589518911579255,0.01758951891157938,3.517903782315876,2,BULL,2026-04-13
1H,ETH,LONG,1776114000,2257.5649999999996,2292.917,1776117600,TP,0.007829674893081728,0.015659349786163457,0.015659349786163554,3.131869957232711,2,BULL,2026-04-13
1H,AVAX,LONG,1776124800,9.51,9.46,1776132000,TIME,0.013639777677632565,0.02727955535526513,-0.005257623554153411,-1.0515247108306822,3,BULL,2026-04-14
1H,NEAR,LONG,1776124800,1.412,1.414,1776132000,TIME,0.011574261432618348,0.023148522865236696,0.0014164305949008512,0.28328611898017025,3,BULL,2026-04-14
1H,UNI,LONG,1776124800,3.198,3.199,1776132000,TIME,0.01150719199499686,0.02301438398999372,0.00031269543464661974,0.06253908692932394,3,BULL,2026-04-14
1H,CRV,LONG,1776124800,0.2181,0.2182,1776132000,TIME,0.010794524137027587,0.021589048274055174,0.0004585052728107141,0.09170105456214282,3,BULL,2026-04-14
1H,FIL,LONG,1776124800,0.905,0.903,1776132000,TIME,0.011933701657458575,0.02386740331491715,-0.0022099447513812174,-0.44198895027624346,3,BULL,2026-04-14
1H,APT,LONG,1776124800,0.874,0.868,1776132000,TIME,0.011507028440666896,0.023014056881333792,-0.006864988558352409,-1.372997711670482,3,BULL,2026-04-14
1H,XRP,LONG,1776124800,1.364,1.3682,1776132000,TIME,0.007381650607457047,0.014763301214914095,0.003079178885630485,0.6158357771260969,3,BULL,2026-04-14
1H,ALGO,LONG,1776124800,0.11065,0.10922142857142857,1776124800,SL,0.012910722354915763,0.025821444709831526,-0.012910722354915787,-2.5821444709831574,1,BULL,2026-04-14
4H,UNI,LONG,1776124800,3.198,3.2421599999999997,1776124800,TP,0.01150719199499686,0.01380863039399623,0.013808630393996171,2.761726078799234,1,BULL,2026-04-14
4H,HBAR,LONG,1776124800,0.08659,0.0864,1776150000,TIME,0.010995990959035175,0.02199198191807035,-0.0021942487585171005,-0.4388497517034201,8,BULL,2026-04-14
4H,PENDLE,LONG,1776124800,1.0837890625,1.0703033482142856,1776150000,SL,0.012443117163967758,0.031107792909919395,-0.012443117163967803,-2.4886234327935606,8,BULL,2026-04-14
4H,TON,LONG,1776124800,1.4350625,1.439,1776150000,TIME,0.012602736316860298,0.018904104475290447,0.002743782936283367,0.5487565872566734,8,BULL,2026-04-14
4H,NEAR,LONG,1776124800,1.412,1.433,1776150000,TIME,0.017361392148927523,0.031250505868069545,0.014872521246459016,2.9745042492918032,8,BULL,2026-04-14
1H,UNI,LONG,1776135600,3.198,3.1639999999999997,1776142800,SL,0.01063164477798623,0.02126328955597246,-0.01063164477798632,-2.126328955597264,3,BULL,2026-04-14
1H,PENDLE,LONG,1776135600,1.083765625,1.073,1776142800,TIME,0.011230683360554607,0.022461366721109214,-0.009933536137022348,-1.9867072274044697,3,BULL,2026-04-14
1H,FIL,LONG,1776135600,0.902,0.896,1776142800,TIME,0.01159328476401648,0.02318656952803296,-0.0066518847006651945,-1.330376940133039,3,BULL,2026-04-14
1H,NEAR,LONG,1776135600,1.412,1.408,1776142800,TIME,0.010198300283286112,0.020396600566572224,-0.0028328611898017025,-0.5665722379603405,3,BULL,2026-04-14
1H,ALGO,LONG,1776135600,0.1123,0.11085428571428571,1776135600,SL,0.012873680193359618,0.025747360386719237,-0.012873680193359629,-2.574736038671926,1,BULL,2026-04-14
1H,TON,LONG,1776135600,1.4350625,1.442,1776142800,TIME,0.008202728850784267,0.016405457701568534,0.00483428422107054,0.966856844214108,3,BULL,2026-04-14
1H,CRV,LONG,1776135600,0.217275,0.2156,1776142800,TIME,0.00973092032808983,0.01946184065617966,-0.007709124381544043,-1.5418248763088087,3,BULL,2026-04-14
1H,SOL,LONG,1776135600,86.225,85.45528571428571,1776142800,SL,0.008926811083958083,0.017853622167916167,-0.008926811083958092,-1.7853622167916183,3,BULL,2026-04-14
4H,ETH,LONG,1776139200,2378.06,2360.870857142857,1776142800,SL,0.007228220842679694,0.008673865011215632,-0.007228220842679746,-1.4456441685359491,2,BULL,2026-04-14
4H,ADA,LONG,1776139200,0.24345,0.24134,1776142800,SL,0.008667077428630104,0.02166769357157526,-0.008667077428630113,-1.7334154857260224,2,BULL,2026-04-14
4H,POL,LONG,1776139200,0.08370156249999999,0.084,1776164400,TIME,0.01198134315422295,0.01437761178506754,0.0035654949691054125,0.7130989938210824,8,BULL,2026-04-14
1H,LDO,LONG,1776146400,0.36,0.3535542857142857,1776153600,SL,0.0179047619047619,0.0358095238095238,-0.01790476190476188,-3.5809523809523762,3,BULL,2026-04-14
1H,AVAX,LONG,1776146400,9.425,9.45,1776153600,TIME,0.010246305418719208,0.020492610837438415,0.002652519893899053,0.5305039787798106,3,BULL,2026-04-14
1H,NEAR,LONG,1776146400,1.425375,1.4124035714285716,1776146400,SL,0.00910036206010949,0.01820072412021898,-0.009100362060109382,-1.8200724120218763,1,BULL,2026-04-14
1H,SUI,LONG,1776146400,0.9451,0.9497,1776153600,TIME,0.008875855918496926,0.017751711836993853,0.004867209819066699,0.9734419638133398,3,BULL,2026-04-14
1H,FIL,LONG,1776146400,0.902,0.903,1776153600,TIME,0.010579664238200833,0.021159328476401666,0.0011086474501108656,0.22172949002217313,3,BULL,2026-04-14
1H,APT,LONG,1776146400,0.8654999999999999,0.867,1776153600,TIME,0.008847074358339532,0.017694148716679063,0.0017331022530329948,0.34662045060659896,3,BULL,2026-04-14
1H,UNI,LONG,1776146400,3.186,3.185,1776153600,TIME,0.009075419244910744,0.018150838489821488,-0.00031387319522909287,-0.06277463904581858,3,BULL,2026-04-14
1H,ETH,LONG,1776146400,2378.06,2357.1725714285712,1776146400,SL,0.008783390062247634,0.01756678012449527,-0.008783390062247673,-1.7566780124495345,1,BULL,2026-04-14
4H,HBAR,LONG,1776153600,0.08654500000000001,0.08614,1776178800,TIME,0.009078679134719306,0.018157358269438612,-0.004679646426714616,-0.9359292853429232,8,BULL,2026-04-14
4H,LINK,LONG,1776153600,9.175,9.120000000000001,1776168000,SL,0.005994550408719335,0.014986376021798337,-0.005994550408719315,-1.198910081743863,5,BULL,2026-04-14
4H,FIL,LONG,1776153600,0.902,0.9124785714285715,1776175200,TP,0.011617041495090286,0.011617041495090286,0.011617041495090297,2.3234082990180593,7,BULL,2026-04-14
4H,APT,LONG,1776153600,0.858,0.8729271428571428,1776178800,TP,0.009665334665334674,0.017397602397602414,0.017397602397602338,3.4795204795204677,8,BULL,2026-04-14
4H,TON,LONG,1776153600,1.4350078124999999,1.4200078125,1776160800,SL,0.010452904764238017,0.015679357146357025,-0.010452904764237932,-2.0905809528475863,3,BULL,2026-04-14
1H,ALGO,LONG,1776157200,0.1144,0.11279428571428571,1776157200,SL,0.01403596403596403,0.02807192807192806,-0.014035964035964105,-2.8071928071928207,1,BULL,2026-04-14
1H,LDO,LONG,1776157200,0.36,0.3628,1776164400,TIME,0.019333333333333338,0.038666666666666676,0.007777777777777847,1.5555555555555693,3,BULL,2026-04-14
1H,FIL,LONG,1776157200,0.905,0.8971142857142858,1776164400,SL,0.008713496448303085,0.01742699289660617,-0.008713496448303064,-1.7426992896606128,3,BULL,2026-04-14
1H,AVAX,LONG,1776157200,9.425,9.39,1776164400,TIME,0.009094353921940117,0.018188707843880235,-0.0037135278514589007,-0.7427055702917801,3,BULL,2026-04-14
1H,UNI,LONG,1776157200,3.198,3.178,1776164400,TIME,0.008308764406325364,0.016617528812650727,-0.006253908692933089,-1.2507817385866178,3,BULL,2026-04-14
1H,PENDLE,LONG,1776157200,1.0845,1.0752428571428572,1776157200,SL,0.008535862477771198,0.017071724955542395,-0.008535862477771187,-1.7071724955542373,1,BULL,2026-04-14
1H,XLM,LONG,1776157200,0.1570109375,0.15603950892857144,1776164400,SL,0.006187012108176056,0.012374024216352112,-0.006187012108176015,-1.2374024216352029,3,BULL,2026-04-14
1H,NEAR,LONG,1776157200,1.412,1.3992,1776164400,SL,0.009065155807365438,0.018130311614730877,-0.009065155807365385,-1.813031161473077,3,BULL,2026-04-14
1H,ALGO,LONG,1776168000,0.1106,0.1106,1776175200,TIME,0.0157065357788685,0.031413071557737,0.0,0.0,3,BULL,2026-04-14
1H,FIL,LONG,1776168000,0.9055,0.907,1776175200,TIME,0.006436854145302522,0.012873708290605045,0.0016565433462176222,0.3313086692435244,3,BULL,2026-04-14
1H,PENDLE,LONG,1776168000,1.080125,1.0947535714285714,1776175200,TP,0.006771703010564271,0.013543406021128543,0.013543406021128513,2.7086812042257025,3,BULL,2026-04-14
1H,LINK,LONG,1776168000,9.129999999999999,9.254571428571428,1776175200,TP,0.006822093569081521,0.013644187138163042,0.013644187138163042,2.7288374276326084,3,BULL,2026-04-14
1H,UNI,LONG,1776168000,3.171,3.2119142857142857,1776175200,TP,0.006451322250754593,0.012902644501509186,0.012902644501509273,2.5805289003018546,3,BULL,2026-04-14
1H,AVAX,LONG,1776168000,9.37,9.49342857142857,1776171600,TP,0.006586369873456311,0.013172739746912621,0.013172739746912571,2.6345479493825144,2,BULL,2026-04-14
1H,CRV,LONG,1776168000,0.21895,0.2214414285714286,1776171600,TP,0.005689492056242466,0.011378984112484933,0.011378984112484992,2.275796822496998,2,BULL,2026-04-14
1H,APT,LONG,1776168000,0.858,0.8690857142857144,1776175200,TP,0.006460206460206466,0.012920412920412933,0.012920412920413014,2.5840825840826027,3,BULL,2026-04-14
4H,UNI,LONG,1776168000,3.1574999999999998,3.1820485714285707,1776171600,TP,0.006478905101232879,0.007774686121479454,0.00777468612147931,1.5549372242958621,2,BULL,2026-04-14
4H,CRV,LONG,1776168000,0.217275,0.21876985714285713,1776168000,TP,0.005733353058171848,0.006880023669806217,0.00688002366980615,1.37600473396123,1,BULL,2026-04-14
4H,AVAX,LONG,1776168000,9.425,9.371,1776168000,SL,0.005729442970822272,0.01432360742705568,-0.005729442970822309,-1.1458885941644619,1,BULL,2026-04-14
1H,LDO,LONG,1776178800,0.3518,0.3505,1776186000,TIME,0.019897669130187617,0.039795338260375235,-0.0036952814098920503,-0.7390562819784101,3,BULL,2026-04-14
1H,AVAX,LONG,1776178800,9.425,9.362142857142857,1776178800,SL,0.006669192876089425,0.01333838575217885,-0.006669192876089554,-1.333838575217911,1,BULL,2026-04-14
1H,SUI,LONG,1776178800,0.9444,0.9379828571428572,1776182400,SL,0.006794941610697644,0.013589883221395288,-0.006794941610697573,-1.3589883221395145,2,BULL,2026-04-14
1H,CRV,LONG,1776178800,0.2175375,0.21607464285714284,1776178800,SL,0.006724620549823111,0.013449241099646222,-0.0067246205498231555,-1.3449241099646312,1,BULL,2026-04-14
1H,LINK,LONG,1776178800,9.14,9.079428571428572,1776178800,SL,0.006627070959674902,0.013254141919349803,-0.0066270709596748896,-1.325414191934978,1,BULL,2026-04-14
1H,ETH,LONG,1776178800,2367.61,2351.8037142857142,1776178800,SL,0.006676051256028514,0.013352102512057028,-0.006676051256028602,-1.3352102512057202,1,BULL,2026-04-14
1H,FIL,LONG,1776178800,0.902,0.8962857142857142,1776186000,SL,0.0063351282863478055,0.012670256572695611,-0.006335128286347874,-1.2670256572695748,3,BULL,2026-04-14
1H,XLM,LONG,1776178800,0.15555000000000002,0.156,1776186000,TIME,0.006281857005097122,0.012563714010194243,0.0028929604628735333,0.5785920925747067,3,BULL,2026-04-14
4H,LINK,SHORT,1776182400,8.99,9.03107142857143,1776182400,SL,0.004568568250437002,0.011421420626092506,-0.004568568250437101,-0.9137136500874202,1,NEUTRAL,2026-04-14
4H,FIL,SHORT,1776182400,0.887,0.8936857142857144,1776182400,SL,0.007537445643420848,0.007537445643420848,-0.0075374456434209765,-1.5074891286841954,1,NEUTRAL,2026-04-14
4H,XRP,LONG,1776182400,1.360559375,1.3759236607142857,1776182400,TP,0.004517049677243438,0.011292624193108594,0.011292624193108601,2.2585248386217205,1,NEUTRAL,2026-04-14
4H,BTC,LONG,1776182400,74213.895,74983.60285714285,1776182400,TP,0.00691431936605092,0.01037147904907638,0.010371479049076225,2.074295809815245,1,NEUTRAL,2026-04-14
4H,PENDLE,SHORT,1776182400,1.0415,1.0496714285714288,1776182400,SL,0.007845826760853178,0.019614566902132945,-0.007845826760853306,-1.5691653521706612,1,NEUTRAL,2026-04-14
1H,ALGO,SHORT,1776189600,0.1066,0.1066,1776196800,TIME,0.014366121683194849,0.028732243366389697,0.0,0.0,3,BEAR,2026-04-14
1H,AVAX,SHORT,1776189600,9.245000000000001,9.323285714285715,1776189600,SL,0.008467897705323324,0.01693579541064665,-0.00846789770532334,-1.693579541064668,1,BEAR,2026-04-14
1H,FIL,SHORT,1776189600,0.879375,0.8866321428571429,1776189600,SL,0.008252614478627279,0.016505228957254557,-0.008252614478627265,-1.650522895725453,1,BEAR,2026-04-14
1H,LINK,SHORT,1776189600,8.96,9.036000000000001,1776189600,SL,0.008482142857142869,0.016964285714285737,-0.008482142857142914,-1.6964285714285827,1,BEAR,2026-04-14
1H,XLM,SHORT,1776189600,0.153934375,0.1550600892857143,1776189600,SL,0.007312949337756975,0.01462589867551395,-0.007312949337756985,-1.4625898675513969,1,BEAR,2026-04-14
1H,PENDLE,SHORT,1776189600,1.033,1.0427714285714285,1776189600,SL,0.009459272576407152,0.018918545152814305,-0.009459272576407109,-1.891854515281422,1,BEAR,2026-04-14
1H,ADA,SHORT,1776189600,0.2399,0.24226,1776189600,SL,0.00983743226344311,0.01967486452688622,-0.009837432263443106,-1.967486452688621,1,BEAR,2026-04-14
1H,SUI,SHORT,1776189600,0.9284,0.9362114285714285,1776189600,SL,0.008413861020496087,0.016827722040992175,-0.008413861020495982,-1.6827722040991964,1,BEAR,2026-04-14
4H,HBAR,LONG,1776196800,0.0849975,0.08495,1776196800,TIME,0.008428819335022444,0.01685763867004489,-0.0005588399658814185,-0.11176799317628369,1,NEUTRAL,2026-04-14
4H,ALGO,LONG,1776196800,0.106575,0.1066,1776196800,TIME,0.014537046345631847,0.026166683422137325,0.00023457658925636637,0.04691531785127327,1,NEUTRAL,2026-04-14
4H,NEAR,SHORT,1776196800,1.3672187500000001,1.366,1776196800,TIME,0.014419262253597466,0.02595467205647544,0.0008914081963841163,0.17828163927682328,1,NEUTRAL,2026-04-14
1H,SOL,SHORT,1776200400,83.83500000000001,83.72,1776207600,TIME,0.008227044619959278,0.016454089239918555,0.0013717421124829615,0.2743484224965923,3,BEAR,2026-04-14
1H,ADA,SHORT,1776200400,0.24115,0.2396,1776207600,TIME,0.009028168596901755,0.01805633719380351,0.0064275347294215045,1.285506945884301,3,BEAR,2026-04-14
1H,UNI,SHORT,1776200400,3.126,3.132,1776207600,TIME,0.0077323827803674194,0.015464765560734839,-0.0019193857965451784,-0.38387715930903565,3,BEAR,2026-04-14
1H,PENDLE,SHORT,1776200400,1.046,1.055,1776207600,TIME,0.009341709915323708,0.018683419830647415,-0.008604206500955924,-1.7208413001911849,3,BEAR,2026-04-14
1H,AVAX,SHORT,1776204000,9.322500000000002,9.34,1776211200,TIME,0.008826571658430062,0.017653143316860125,-0.0018771788683291275,-0.3754357736658255,3,BEAR,2026-04-14
1H,LDO,LONG,1776211200,0.353,0.3526,1776218400,TIME,0.01636584378794012,0.03273168757588024,-0.0011331444759205551,-0.22662889518411103,3,NEUTRAL,2026-04-15
1H,SOL,SHORT,1776211200,83.83500000000001,83.4,1776218400,TIME,0.008404263476727252,0.016808526953454504,0.00518876364286995,1.03775272857399,3,NEUTRAL,2026-04-15
1H,LINK,SHORT,1776211200,9.05125,9.06,1776218400,TIME,0.008333497741038127,0.016666995482076254,-0.000966717304239848,-0.1933434608479696,3,NEUTRAL,2026-04-15
4H,LDO,SHORT,1776211200,0.3518,0.3517,1776236400,TIME,0.020527085194509884,0.03079062779176483,0.00028425241614550594,0.05685048322910119,8,NEUTRAL,2026-04-15
4H,PENDLE,LONG,1776211200,1.0445,1.038,1776236400,TIME,0.01023045886616976,0.0255761471654244,-0.006223073240785017,-1.2446146481570033,8,NEUTRAL,2026-04-15
4H,ETH,SHORT,1776211200,2329.93,2312.2550285714283,1776236400,TP,0.006321710462178182,0.007586052554613819,0.007586052554613896,1.5172105109227791,8,NEUTRAL,2026-04-15
4H,CRV,LONG,1776211200,0.2175375,0.21558892857142856,1776232800,SL,0.008957404716756566,0.01074888566010788,-0.008957404716756597,-1.7914809433513195,7,NEUTRAL,2026-04-15
1H,PENDLE,SHORT,1776214800,1.0535,1.045,1776222000,TIME,0.010251542477456115,0.02050308495491223,0.008068343616516538,1.6136687233033076,3,NEUTRAL,2026-04-15
1H,BTC,LONG,1776214800,74579.32,74345.97,1776222000,TIME,0.006941365055544698,0.013882730111089396,-0.0031288834491921594,-0.6257766898384319,3,NEUTRAL,2026-04-15
1H,AVAX,SHORT,1776218400,9.323125000000001,9.413410714285716,1776225600,SL,0.00968406132983463,0.01936812265966926,-0.009684061329834657,-1.9368122659669313,3,NEUTRAL,2026-04-15
1H,ADA,SHORT,1776218400,0.2398875,0.2409,1776225600,TIME,0.008908937969435067,0.017817875938870135,-0.004220728466468655,-0.844145693293731,3,NEUTRAL,2026-04-15
1H,PENDLE,SHORT,1776225600,1.0535,1.041,1776232800,TIME,0.009763373788053448,0.019526747576106895,0.011865211200759541,2.3730422401519085,3,BEAR,2026-04-15
4H,SOL,LONG,1776225600,82.88,83.61,1776250800,TIME,0.007039437396580261,0.014078874793160522,0.008807915057915106,1.7615830115830213,8,NEUTRAL,2026-04-15
1H,ADA,SHORT,1776229200,0.2398443359375,0.2415586216517857,1776229200,SL,0.007147493008683895,0.01429498601736779,-0.007147493008683941,-1.4294986017367883,1,BEAR,2026-04-15
1H,SOL,SHORT,1776229200,83.0225,83.5927857142857,1776229200,SL,0.006869050128407546,0.013738100256815091,-0.006869050128407393,-1.3738100256814787,1,BEAR,2026-04-15
1H,AVAX,SHORT,1776232800,9.325,9.35,1776240000,TIME,0.00833397165836845,0.0166679433167369,-0.0026809651474531213,-0.5361930294906243,3,BEAR,2026-04-15
1H,CRV,SHORT,1776236400,0.21555000000000002,0.2170414285714286,1776236400,SL,0.006919176856546387,0.013838353713092773,-0.006919176856546453,-1.3838353713092906,1,BEAR,2026-04-15
1H,LDO,LONG,1776240000,0.353825,0.35068214285714283,1776243600,SL,0.008882518597773349,0.017765037195546698,-0.008882518597773389,-1.7765037195546778,2,NEUTRAL,2026-04-15
1H,SOL,SHORT,1776240000,83.215,83.6567142857143,1776247200,SL,0.0053081089432708865,0.010616217886541773,-0.0053081089432710175,-1.0616217886542034,3,NEUTRAL,2026-04-15
4H,PENDLE,SHORT,1776240000,1.0665,1.0450714285714287,1776240000,TP,0.008036970062286524,0.020092425155716312,0.020092425155716225,4.018485031143245,1,NEUTRAL,2026-04-15
4H,BTC,SHORT,1776240000,74213.895,73614.60857142857,1776265200,TP,0.005383416214905368,0.008075124322358053,0.008075124322358115,1.6150248644716232,8,NEUTRAL,2026-04-15
1H,AVAX,SHORT,1776243600,9.325,9.394714285714285,1776247200,SL,0.00747606281118347,0.01495212562236694,-0.007476062811183421,-1.4952125622366843,2,NEUTRAL,2026-04-15
1H,CRV,LONG,1776247200,0.21885,0.22182142857142853,1776250800,TP,0.006788733313750456,0.013577466627500912,0.013577466627500761,2.715493325500152,2,NEUTRAL,2026-04-15
1H,ADA,SHORT,1776247200,0.239843359375,0.2412147879464286,1776250800,SL,0.005718017688721223,0.011436035377442446,-0.005718017688721255,-1.143603537744251,2,NEUTRAL,2026-04-15
1H,LINK,LONG,1776250800,9.1275,9.073214285714284,1776250800,SL,0.005947489924482537,0.011894979848965074,-0.005947489924482625,-1.189497984896525,1,NEUTRAL,2026-04-15
1H,SOL,SHORT,1776254400,83.795,84.22928571428572,1776261600,SL,0.0051827163229991625,0.010365432645998325,-0.00518271632299924,-1.036543264599848,3,NEUTRAL,2026-04-15
1H,CRV,LONG,1776258000,0.2218,0.22016,1776265200,SL,0.007394048692515775,0.01478809738503155,-0.0073940486925157915,-1.4788097385031582,3,NEUTRAL,2026-04-15
1H,XRP,LONG,1776258000,1.3659,1.376162857142857,1776261600,TP,0.0037568113122692665,0.007513622624538533,0.007513622624538495,1.502724524907699,2,NEUTRAL,2026-04-15
1H,POL,LONG,1776261600,0.0846,0.0852,1776268800,TIME,0.006484295845997983,0.012968591691995966,0.007092198581560323,1.4184397163120648,3,NEUTRAL,2026-04-15
1H,PENDLE,LONG,1776265200,1.0755,1.088,1776272400,TIME,0.010307498173606959,0.020614996347213917,0.011622501162250283,2.3245002324500565,3,NEUTRAL,2026-04-15
1H,CRV,LONG,1776268800,0.2239,0.22199714285714284,1776268800,SL,0.00849869201812032,0.01699738403624064,-0.008498692018120368,-1.6997384036240737,1,BULL,2026-04-15
1H,LDO,LONG,1776268800,0.371,0.38177714285714287,1776268800,TP,0.014524451289949952,0.029048902579899904,0.02904890257989993,5.809780515979987,1,BULL,2026-04-15
1H,AVAX,LONG,1776268800,9.418359375,9.47,1776276000,TIME,0.00819068948968166,0.01638137897936332,0.005482974575919811,1.0965949151839622,3,BULL,2026-04-15
1H,ETH,LONG,1776268800,2342.76,2329.617142857143,1776268800,SL,0.005609988706848832,0.011219977413697664,-0.005609988706848903,-1.1219977413697806,1,BULL,2026-04-15
1H,BNB,LONG,1776268800,620.8,622.38,1776276000,TIME,0.0039027982326951278,0.0078055964653902556,0.002545103092783571,0.5090206185567142,3,BULL,2026-04-15
4H,SOL,LONG,1776268800,85.5575,85.06892857142857,1776268800,SL,0.005710445356297559,0.011420890712595118,-0.005710445356297611,-1.1420890712595222,1,BULL,2026-04-15
1H,ADA,LONG,1776272400,0.2457,0.24934571428571428,1776279600,TP,0.007419035990464565,0.01483807198092913,0.0148380719809291,2.96761439618582,3,BULL,2026-04-15
1H,POL,LONG,1776276000,0.0855,0.0856,1776283200,TIME,0.006416040100250643,0.012832080200501287,0.0011695906432747248,0.23391812865494496,3,BULL,2026-04-15
1H,LDO,LONG,1776279600,0.3874,0.3808857142857143,1776279600,SL,0.016815399365734937,0.033630798731469874,-0.016815399365734885,-3.363079873146977,1,BULL,2026-04-15
1H,AVAX,LONG,1776279600,9.54,9.465714285714284,1776279600,SL,0.007786762503743663,0.015573525007487326,-0.007786762503743683,-1.5573525007487365,1,BULL,2026-04-15
1H,SOL,LONG,1776279600,85.5575,85.03121428571428,1776279600,SL,0.006151251664502982,0.012302503329005964,-0.006151251664503053,-1.2302503329006107,1,BULL,2026-04-15
1H,ETH,LONG,1776279600,2378.06,2363.7011428571427,1776279600,SL,0.00603805502924956,0.01207611005849912,-0.00603805502924957,-1.207611005849914,1,BULL,2026-04-15
1H,BNB,LONG,1776279600,625.38,622.8828571428571,1776279600,SL,0.003993000826925785,0.00798600165385157,-0.003993000826925831,-0.7986001653851662,1,BULL,2026-04-15
1H,CRV,LONG,1776283200,0.2246,0.2231,1776290400,TIME,0.009337234448543431,0.018674468897086863,-0.006678539626001787,-1.3357079252003574,3,BULL,2026-04-15
1H,PENDLE,LONG,1776283200,1.099,1.098,1776290400,TIME,0.010607045365917066,0.021214090731834133,-0.0009099181073702365,-0.1819836214740473,3,BULL,2026-04-15
4H,LDO,LONG,1776283200,0.3767,0.38986785714285715,1776304800,TP,0.0233038795555387,0.034955819333308054,0.03495581933330814,6.991163866661627,7,BULL,2026-04-15
4H,CRV,LONG,1776283200,0.2228,0.22531657142857142,1776283200,TP,0.009412669915362902,0.011295203898435482,0.011295203898435474,2.2590407796870946,1,BULL,2026-04-15
4H,UNI,LONG,1776283200,3.2222500000000003,3.251461428571429,1776290400,TP,0.007554614676967065,0.009065537612360479,0.009065537612360513,1.8131075224721027,3,BULL,2026-04-15
1H,LDO,LONG,1776290400,0.3767,0.3793,1776297600,TIME,0.01867344229967006,0.03734688459934012,0.006902044066896859,1.380408813379372,3,BULL,2026-04-15
1H,UNI,LONG,1776290400,3.2220000000000004,3.218,1776297600,TIME,0.007448789571694598,0.014897579143389196,-0.0012414649286159054,-0.24829298572318106,3,BULL,2026-04-15
1H,XRP,LONG,1776290400,1.3955,1.3867914285714285,1776294000,SL,0.006240466806572168,0.012480933613144335,-0.006240466806572203,-1.2480933613144407,2,BULL,2026-04-15
1H,ETH,LONG,1776290400,2367.61,2352.2431428571426,1776294000,SL,0.006490451190380679,0.012980902380761357,-0.006490451190380804,-1.298090238076161,2,BULL,2026-04-15
1H,BTC,LONG,1776290400,74884.0,74480.28171428571,1776297600,SL,0.005391248941219568,0.010782497882439136,-0.005391248941219629,-1.0782497882439257,3,BULL,2026-04-15
1H,CRV,LONG,1776294000,0.2228,0.2234,1776301200,TIME,0.008925365478327769,0.017850730956655538,0.002692998204667816,0.5385996409335632,3,BULL,2026-04-15
1H,LINK,LONG,1776294000,9.26,9.23,1776301200,TIME,0.006973156433199614,0.013946312866399227,-0.0032397408207342723,-0.6479481641468544,3,BULL,2026-04-15
1H,ADA,LONG,1776294000,0.2457,0.2456,1776301200,TIME,0.008465608465608458,0.016931216931216915,-0.00040700040700036215,-0.08140008140007243,3,BULL,2026-04-15
4H,BTC,LONG,1776297600,74884.0,74707.03,1776322800,TIME,0.006776261570276306,0.01016439235541446,-0.0023632551679931783,-0.47265103359863564,8,BULL,2026-04-16
1H,PENDLE,LONG,1776301200,1.099,1.0877999999999999,1776301200,SL,0.01019108280254778,0.02038216560509556,-0.01019108280254786,-2.038216560509572,1,BULL,2026-04-16
1H,ETH,LONG,1776301200,2354.76,2357.86,1776308400,TIME,0.006348963679647086,0.012697927359294172,0.0013164823591363488,0.2632964718272698,3,BULL,2026-04-16
1H,POL,LONG,1776301200,0.0855,0.08657428571428573,1776308400,TP,0.006282372598162075,0.01256474519632415,0.012564745196324233,2.512949039264847,3,BULL,2026-04-16
1H,XRP,LONG,1776301200,1.4025,1.3932200000000001,1776301200,SL,0.006616755793226403,0.013233511586452806,-0.006616755793226349,-1.32335115864527,1,BULL,2026-04-16
1H,LDO,LONG,1776304800,0.3874,0.3863,1776312000,TIME,0.018600191754554168,0.037200383509108335,-0.00283944243675799,-0.567888487351598,3,BULL,2026-04-16
1H,BTC,LONG,1776304800,74884.0,74944.15,1776312000,TIME,0.005589986798629495,0.01117997359725899,0.0008032423481650843,0.16064846963301688,3,BULL,2026-04-16
1H,AVAX,LONG,1776304800,9.418359375,9.48,1776312000,TIME,0.007765987071698187,0.015531974143396373,0.006544730620878521,1.308946124175704,3,BULL,2026-04-16
1H,ADA,LONG,1776308400,0.2496,0.2499,1776315600,TIME,0.008630952380952378,0.017261904761904756,0.001201923076923167,0.2403846153846334,3,BULL,2026-04-16
1H,XRP,LONG,1776312000,1.4025,1.4099,1776319200,TIME,0.006759358288770078,0.013518716577540156,0.005276292335115758,1.0552584670231517,3,NEUTRAL,2026-04-16
4H,UNI,LONG,1776312000,3.261875,3.238960714285714,1776312000,SL,0.007024881613883328,0.008429857936659993,-0.007024881613883324,-1.4049763227766647,1,NEUTRAL,2026-04-16
1H,CRV,LONG,1776315600,0.2246,0.22298857142857142,1776319200,SL,0.007174659712504772,0.014349319425009544,-0.007174659712504761,-1.4349319425009521,2,NEUTRAL,2026-04-16
1H,LINK,LONG,1776315600,9.3,9.29,1776322800,TIME,0.006390168970814104,0.012780337941628209,-0.0010752688172044691,-0.21505376344089383,3,NEUTRAL,2026-04-16
1H,ETH,LONG,1776319200,2354.76,2341.626285714286,1776322800,SL,0.005577517150671117,0.011155034301342234,-0.005577517150671056,-1.1155034301342113,2,NEUTRAL,2026-04-16
1H,LDO,LONG,1776322800,0.3874,0.3992285714285714,1776330000,TP,0.015266612582048804,0.030533225164097608,0.030533225164097455,6.1066450328194914,3,NEUTRAL,2026-04-16
1H,UNI,LONG,1776326400,3.25975,3.25,1776333600,TIME,0.0063808574277168404,0.012761714855433681,-0.0029910269192422504,-0.5982053838484501,3,NEUTRAL,2026-04-16
1H,BTC,LONG,1776326400,74529.24250000001,74313.0,1776333600,TIME,0.004738228372958056,0.009476456745916111,-0.002901445026762583,-0.5802890053525166,3,NEUTRAL,2026-04-16
4H,ETH,LONG,1776326400,2335.615,2347.454885714286,1776330000,TP,0.004224399752772379,0.005069279703326855,0.005069279703326997,1.0138559406653993,2,NEUTRAL,2026-04-16
4H,AVAX,SHORT,1776326400,9.464375,9.527375000000001,1776340800,SL,0.006656540976028526,0.016641352440071314,-0.006656540976028592,-1.3313081952057184,5,NEUTRAL,2026-04-16
4H,CRV,SHORT,1776326400,0.2246,0.22287885714285713,1776333600,TP,0.006385955985243604,0.007663147182292325,0.0076631471822923665,1.5326294364584734,3,NEUTRAL,2026-04-16
1H,POL,LONG,1776330000,0.0872,0.0873,1776337200,TIME,0.006225425950196562,0.012450851900393124,0.0011467889908257209,0.22935779816514418,3,NEUTRAL,2026-04-16
1H,XRP,LONG,1776333600,1.4086,1.414,1776340800,TIME,0.005874120200401616,0.011748240400803233,0.003833593639074151,0.7667187278148302,3,NEUTRAL,2026-04-16
1H,LDO,LONG,1776337200,0.3918,0.40329714285714285,1776340800,TP,0.014672208852913282,0.029344417705826565,0.029344417705826627,5.868883541165325,2,NEUTRAL,2026-04-16
1H,BTC,LONG,1776337200,74529.24250000001,74216.49392857144,1776344400,SL,0.00419632027560956,0.00839264055121912,-0.0041963202756095655,-0.839264055121913,3,NEUTRAL,2026-04-16
1H,PENDLE,LONG,1776340800,1.194,1.1805714285714284,1776340800,SL,0.011246709739172045,0.02249341947834409,-0.011246709739172167,-2.2493419478344334,1,BULL,2026-04-16
1H,ADA,LONG,1776340800,0.2505,0.24863714285714286,1776340800,SL,0.00743655546050758,0.01487311092101516,-0.007436555460507538,-1.4873110921015076,1,BULL,2026-04-16
1H,UNI,LONG,1776340800,3.301,3.2816285714285716,1776340800,SL,0.005868351581771757,0.011736703163543513,-0.005868351581771764,-1.173670316354353,1,BULL,2026-04-16
1H,POL,LONG,1776340800,0.0882,0.08766285714285714,1776340800,SL,0.0060900550696468825,0.012180110139293765,-0.00609005506964695,-1.21801101392939,1,BULL,2026-04-16
1H,CRV,LONG,1776344400,0.2258,0.22405714285714284,1776344400,SL,0.007718587878020998,0.015437175756041996,-0.007718587878021068,-1.5437175756042136,1,BULL,2026-04-16
1H,LDO,LONG,1776348000,0.4,0.39281714285714286,1776348000,SL,0.017957142857142845,0.03591428571428569,-0.017957142857142894,-3.5914285714285787,1,BULL,2026-04-16
1H,XRP,LONG,1776348000,1.4086,1.3983828571428574,1776348000,SL,0.007253402567899216,0.014506805135798433,-0.007253402567899121,-1.4506805135798242,1,BULL,2026-04-16
1H,PENDLE,LONG,1776351600,1.217,1.1984285714285716,1776351600,SL,0.015260007043080183,0.030520014086160365,-0.015260007043080082,-3.0520014086160163,1,BULL,2026-04-16
1H,UNI,LONG,1776351600,3.405,3.371285714285714,1776351600,SL,0.009901405496119151,0.019802810992238302,-0.00990140549611918,-1.9802810992238362,1,BULL,2026-04-16
1H,LINK,LONG,1776351600,9.47,9.38257142857143,1776351600,SL,0.009232161713682291,0.018464323427364582,-0.009232161713682279,-1.8464323427364557,1,BULL,2026-04-16
1H,AVAX,LONG,1776351600,9.56,9.461714285714287,1776351600,SL,0.010280932456664647,0.020561864913329293,-0.01028093245666463,-2.0561864913329257,1,BULL,2026-04-16
1H,SOL,LONG,1776351600,86.685,86.02900000000001,1776351600,SL,0.007567629924439064,0.015135259848878127,-0.007567629924438965,-1.5135259848877929,1,BULL,2026-04-16
1H,ADA,LONG,1776355200,0.25155000000000005,0.25663571428571436,1776362400,TP,0.010108754294800832,0.020217508589601665,0.020217508589601682,4.0435017179203365,3,BULL,2026-04-16
4H,BTC,LONG,1776355200,75387.35625,74844.80553571427,1776355200,SL,0.007196839646246592,0.010795259469369888,-0.007196839646246702,-1.4393679292493404,1,BULL,2026-04-16
1H,POL,LONG,1776358800,0.0889,0.09,1776366000,TIME,0.00848465370400128,0.01696930740800256,0.012373453318335094,2.474690663667019,3,BULL,2026-04-16
1H,CRV,LONG,1776358800,0.2278,0.2330114285714286,1776362400,TP,0.011438605292863401,0.022877210585726802,0.022877210585726906,4.575442117145381,2,BULL,2026-04-16
1H,LDO,LONG,1776362400,0.4361,0.4258657142857143,1776362400,SL,0.023467749860778986,0.04693549972155797,-0.02346774986077894,-4.693549972155788,1,BULL,2026-04-16
1H,UNI,LONG,1776362400,3.436,3.3954285714285715,1776362400,SL,0.011807749875270248,0.023615499750540496,-0.011807749875270222,-2.3615499750540443,1,BULL,2026-04-16
1H,PENDLE,LONG,1776362400,1.272,1.2504571428571427,1776362400,SL,0.016936208445642427,0.033872416891284854,-0.016936208445642538,-3.3872416891285075,1,BULL,2026-04-16
1H,SOL,LONG,1776362400,89.09,88.24657142857143,1776362400,SL,0.009467151997177818,0.018934303994355636,-0.009467151997177852,-1.8934303994355706,1,BULL,2026-04-16
1H,XRP,LONG,1776362400,1.4486,1.4357600000000001,1776362400,SL,0.008863730498412247,0.017727460996824495,-0.008863730498412234,-1.7727460996824467,1,BULL,2026-04-16
1H,AVAX,LONG,1776366000,9.87,9.743142857142857,1776366000,SL,0.012852800694745956,0.025705601389491912,-0.012852800694745932,-2.5705601389491863,1,BULL,2026-04-16
1H,ETH,LONG,1776369600,2352.09921875,2342.6,1776376800,TIME,0.008382056511164597,0.016764113022329195,-0.004038613113884051,-0.8077226227768103,3,BULL,2026-04-16
1H,CRV,LONG,1776373200,0.232,0.2333,1776380400,TIME,0.013177339901477824,0.02635467980295565,0.00560344827586205,1.12068965517241,3,BULL,2026-04-16
1H,BTC,LONG,1776373200,74957.195,75154.29,1776380400,TIME,0.006865754705545148,0.013731509411090297,0.002629434038987006,0.5258868077974012,3,BULL,2026-04-16
1H,POL,LONG,1776373200,0.0889,0.09058000000000001,1776380400,TP,0.009448818897637806,0.01889763779527561,0.0188976377952756,3.7795275590551203,3,BULL,2026-04-16
1H,XRP,LONG,1776373200,1.4342,1.453,1776380400,TIME,0.0105305097914218,0.0210610195828436,0.013108353088830115,2.621670617766023,3,BULL,2026-04-16
1H,LINK,LONG,1776373200,9.44,9.59,1776380400,TIME,0.012106537530266314,0.024213075060532628,0.015889830508474614,3.1779661016949228,3,BULL,2026-04-16
1H,AVAX,LONG,1776376800,9.71,9.73,1776380400,TIME,0.013770781227011895,0.02754156245402379,0.002059732234809431,0.4119464469618862,2,BULL,2026-04-16
1H,ETH,LONG,1776380400,2352.09921875,2348.17,1776380400,TIME,0.008409995079907962,0.016819990159815924,-0.0016705157327879063,-0.3341031465575813,1,BULL,2026-04-16
